<?xml version="1.0" encoding="utf-8"?>
<Diggs xmlns="http://diggsml.org/schemas/2.5.a"
	xmlns:xsi="http://www.w3.org/2001/XMLSchema-instance"
	xsi:schemaLocation="http://diggsml.org/schemas/2.5.a https://raw.githubusercontent.com/DIGGSml/diggs-schema/2.5.a-dev/Complete.xsd"
	xmlns:diggs_geo="http://diggsml.org/schemas/2.5.a/geotechnical"
	xmlns:witsml="http://www.witsml.org/schemas/131" xmlns:glr="http://www.opengis.net/gml/3.3/lr"
	xmlns:xlink="http://www.w3.org/1999/xlink" xmlns:g3.3="http://www.opengis.net/gml/3.3/ce"
	xmlns:gml="http://www.opengis.net/gml/3.2" xmlns:diggs="http://diggsml.org/schemas/2.5.a"
	xmlns:glrov="http://www.opengis.net/gml/3.3/lrov"
	gml:id="NTM1YTEwMzUtYmRmZS00NTIxLTk1OWItZjk4NGEwOWRjZDcx">
	<documentInformation>
		<DocumentInformation gml:id="DGSD63-DA-3DF4-ED02-4E5B6">
			<creationDate>2020-01-13</creationDate>
			<disclaimer>Not specified in AGS file</disclaimer>
			<auditTrail>
				<Remark>
					<content>Generated by Keynetix Diggs Feedback Tool</content>
					<remarkDateTime>2020-01-13</remarkDateTime>
				</Remark>
			</auditTrail>
		</DocumentInformation>
	</documentInformation>
	<project>
			<Project gml:id="Project_G151043UA">
				<gml:identifier codeSpace="ODOT_CS">92740</gml:identifier>
				<gml:name>G151043UA</gml:name>
			</Project>
	</project>
		<samplingFeature>
			<Borehole gml:id="Location_BH16650">
				<gml:name>BH16650</gml:name>
				
				<role>
					<Role>
						<rolePerformed>Checker</rolePerformed>
						<businessAssociate>
							<BusinessAssociate gml:id="DGS144B-C92-77C-9461-5F17E">
								<gml:name></gml:name>
							</BusinessAssociate>
						</businessAssociate>
					</Role>
				</role>
				<remark>
					<Remark>
						<content>Prior to boring a Cable Avoidance Tool (CAT) survey was carried out.  An inspection pit (minimum dimension approx 400mm x 400mm) was hand-dug to 1.20m depth and rescanned using the CAT to check for services.  Services were not located.  ;An amount of water was added to facilitate boring and to maintain a positive hydrostatic head in granular strata from 15.00m to 30.00m.;Hole progressed by Sonic resonance drilling from ground level to 30.00mbgl.</content>
					</Remark>
				</remark>
				<investigationTarget>Natural Ground</investigationTarget>
				<projectRef xlink:href="#Project_G151043UA"/>
				<otherSamplingFeatureProperty>
					<Parameter gml:id="DGS5292-6C8-3FCE-54C3-1B69C">
						<parameterName>Cluster</parameterName>
						<parameterValue></parameterValue>
					</Parameter>
				</otherSamplingFeatureProperty>
				<referencePoint>
					<PointLocation gml:id="BH16650-pl">
						<gml:pos srsDimension="3" srsName="urn:diggs:def:crs:DIGGS:0.1:4326_5702"
							uomLabels="m">304128.00 740844.00
							65.95</gml:pos>
					</PointLocation>
				</referencePoint>
				<centerLine>
					<LinearExtent gml:id="BH16650-cl">
						<gml:posList srsDimension="3"
							srsName="urn:diggs:def:crs:DIGGS:0.1:4326_5702" uomLabels="m"
							>304128.00 740844.00 65.95
							304128.00 740844.00 35.95</gml:posList>
					</LinearExtent>
				</centerLine>
				<linearReferencing>
					<LinearSpatialReferenceSystem gml:id="BH16650-lrs">
						<gml:identifier codeSpace="urn:x-def:authority:DIGGSINC">urn:x-diggs:def:fi:DIGGSINC:B-001-0-12-lsr</gml:identifier>
						<glr:linearElement xlink:href="#BH16650-cl"/>
						<glr:lrm>
							<glr:LinearReferencingMethod gml:id="BH16650-lrm">
								<glr:name>chainage</glr:name>
								<glr:type>absolute</glr:type>
								<glr:units>m</glr:units>
							</glr:LinearReferencingMethod>
						</glr:lrm>
					</LinearSpatialReferenceSystem>
				</linearReferencing>
				<whenConstructed>
					<TimeInterval gml:id="DGS995-984-C2-493F-6BB7">
						<start>2012-09-11</start>
						<end>2012-09-11</end>
					</TimeInterval>
				</whenConstructed>
					<totalMeasuredDepth uom="m">30.00</totalMeasuredDepth>
				<boreholePurpose codeSpace="ODOT_CS">do not know</boreholePurpose>
				
				
			</Borehole>
		</samplingFeature>
		<samplingActivity>
			<SamplingActivity
				gml:id="BH16650-0.30-B-1SA">
				<gml:name>BH16650-0.30-B-1SA</gml:name>
				<investigationTarget>Natural Ground</investigationTarget>
				<projectRef xlink:href="#Project_G151043UA"/>
				<samplingFeatureRef xlink:href="#Location_BH16650"/>
				<samplingLocation>
					<LinearExtent gml:id="DGS3869-A7C-24A4-B052-1D409" srsDimension="1"
						srsName="#sBH16650-B-1-1-lsr">
						<gml:posList>0.30 0.50</gml:posList>
					</LinearExtent>
				</samplingLocation>
				<activityType>collect</activityType>
			</SamplingActivity>
		</samplingActivity>
		<samplingActivity>
			<SamplingActivity
				gml:id="BH16650-9.00-B-10SA">
				<gml:name>BH16650-9.00-B-10SA</gml:name>
				<investigationTarget>Natural Ground</investigationTarget>
				<projectRef xlink:href="#Project_G151043UA"/>
				<samplingFeatureRef xlink:href="#Location_BH16650"/>
				<samplingLocation>
					<LinearExtent gml:id="DGS37A9-11AF-13C8-1CE2-3E9F3" srsDimension="1"
						srsName="#sBH16650-B-10-10-lsr">
						<gml:posList>9.00 10.50</gml:posList>
					</LinearExtent>
				</samplingLocation>
				<activityType>collect</activityType>
			</SamplingActivity>
		</samplingActivity>
		<samplingActivity>
			<SamplingActivity
				gml:id="BH16650-11.00-B-11SA">
				<gml:name>BH16650-11.00-B-11SA</gml:name>
				<investigationTarget>Natural Ground</investigationTarget>
				<projectRef xlink:href="#Project_G151043UA"/>
				<samplingFeatureRef xlink:href="#Location_BH16650"/>
				<samplingLocation>
					<LinearExtent gml:id="DGS8C2B-632-79A-150-5488A" srsDimension="1"
						srsName="#sBH16650-B-11-11-lsr">
						<gml:posList>11.00 12.00</gml:posList>
					</LinearExtent>
				</samplingLocation>
				<activityType>collect</activityType>
			</SamplingActivity>
		</samplingActivity>
		<samplingActivity>
			<SamplingActivity
				gml:id="BH16650-12.75-B-12SA">
				<gml:name>BH16650-12.75-B-12SA</gml:name>
				<investigationTarget>Natural Ground</investigationTarget>
				<projectRef xlink:href="#Project_G151043UA"/>
				<samplingFeatureRef xlink:href="#Location_BH16650"/>
				<samplingLocation>
					<LinearExtent gml:id="DGSA729-224-2AD6-F7EA-2F7F2" srsDimension="1"
						srsName="#sBH16650-B-12-12-lsr">
						<gml:posList>12.75 14.25</gml:posList>
					</LinearExtent>
				</samplingLocation>
				<activityType>collect</activityType>
			</SamplingActivity>
		</samplingActivity>
		<samplingActivity>
			<SamplingActivity
				gml:id="BH16650-15.50-B-13SA">
				<gml:name>BH16650-15.50-B-13SA</gml:name>
				<investigationTarget>Natural Ground</investigationTarget>
				<projectRef xlink:href="#Project_G151043UA"/>
				<samplingFeatureRef xlink:href="#Location_BH16650"/>
				<samplingLocation>
					<LinearExtent gml:id="DGSA88-1483-4169-41D6-5EAC7" srsDimension="1"
						srsName="#sBH16650-B-13-13-lsr">
						<gml:posList>15.50 16.50</gml:posList>
					</LinearExtent>
				</samplingLocation>
				<activityType>collect</activityType>
			</SamplingActivity>
		</samplingActivity>
		<samplingActivity>
			<SamplingActivity
				gml:id="BH16650-18.50-B-14SA">
				<gml:name>BH16650-18.50-B-14SA</gml:name>
				<investigationTarget>Natural Ground</investigationTarget>
				<projectRef xlink:href="#Project_G151043UA"/>
				<samplingFeatureRef xlink:href="#Location_BH16650"/>
				<samplingLocation>
					<LinearExtent gml:id="DGS7E89-143E-795-5FFD-42746" srsDimension="1"
						srsName="#sBH16650-B-14-14-lsr">
						<gml:posList>18.50 19.50</gml:posList>
					</LinearExtent>
				</samplingLocation>
				<activityType>collect</activityType>
			</SamplingActivity>
		</samplingActivity>
		<samplingActivity>
			<SamplingActivity
				gml:id="BH16650-26.00-B-15SA">
				<gml:name>BH16650-26.00-B-15SA</gml:name>
				<investigationTarget>Natural Ground</investigationTarget>
				<projectRef xlink:href="#Project_G151043UA"/>
				<samplingFeatureRef xlink:href="#Location_BH16650"/>
				<samplingLocation>
					<LinearExtent gml:id="DGS51D6-661-227D-2C2B-1FA1" srsDimension="1"
						srsName="#sBH16650-B-15-15-lsr">
						<gml:posList>26.00 27.00</gml:posList>
					</LinearExtent>
				</samplingLocation>
				<activityType>collect</activityType>
			</SamplingActivity>
		</samplingActivity>
		<samplingActivity>
			<SamplingActivity
				gml:id="BH16650-2.00-B-5SA">
				<gml:name>BH16650-2.00-B-5SA</gml:name>
				<investigationTarget>Natural Ground</investigationTarget>
				<projectRef xlink:href="#Project_G151043UA"/>
				<samplingFeatureRef xlink:href="#Location_BH16650"/>
				<samplingLocation>
					<LinearExtent gml:id="DGS4BB9-11A5-462-A6CE-63292" srsDimension="1"
						srsName="#sBH16650-B-5-5-lsr">
						<gml:posList>2.00 3.00</gml:posList>
					</LinearExtent>
				</samplingLocation>
				<activityType>collect</activityType>
			</SamplingActivity>
		</samplingActivity>
		<samplingActivity>
			<SamplingActivity
				gml:id="BH16650-3.50-B-6SA">
				<gml:name>BH16650-3.50-B-6SA</gml:name>
				<investigationTarget>Natural Ground</investigationTarget>
				<projectRef xlink:href="#Project_G151043UA"/>
				<samplingFeatureRef xlink:href="#Location_BH16650"/>
				<samplingLocation>
					<LinearExtent gml:id="DGS26D2-F7F-3A18-D0B9-3EE42" srsDimension="1"
						srsName="#sBH16650-B-6-6-lsr">
						<gml:posList>3.50 4.50</gml:posList>
					</LinearExtent>
				</samplingLocation>
				<activityType>collect</activityType>
			</SamplingActivity>
		</samplingActivity>
		<samplingActivity>
			<SamplingActivity
				gml:id="BH16650-5.00-B-7SA">
				<gml:name>BH16650-5.00-B-7SA</gml:name>
				<investigationTarget>Natural Ground</investigationTarget>
				<projectRef xlink:href="#Project_G151043UA"/>
				<samplingFeatureRef xlink:href="#Location_BH16650"/>
				<samplingLocation>
					<LinearExtent gml:id="DGS7F41-1306-2F6C-11BA-1A512" srsDimension="1"
						srsName="#sBH16650-B-7-7-lsr">
						<gml:posList>5.00 6.00</gml:posList>
					</LinearExtent>
				</samplingLocation>
				<activityType>collect</activityType>
			</SamplingActivity>
		</samplingActivity>
		<samplingActivity>
			<SamplingActivity
				gml:id="BH16650-6.50-B-8SA">
				<gml:name>BH16650-6.50-B-8SA</gml:name>
				<investigationTarget>Natural Ground</investigationTarget>
				<projectRef xlink:href="#Project_G151043UA"/>
				<samplingFeatureRef xlink:href="#Location_BH16650"/>
				<samplingLocation>
					<LinearExtent gml:id="DGS879A-8D-D15-142D-1995A" srsDimension="1"
						srsName="#sBH16650-B-8-8-lsr">
						<gml:posList>6.50 7.50</gml:posList>
					</LinearExtent>
				</samplingLocation>
				<activityType>collect</activityType>
			</SamplingActivity>
		</samplingActivity>
		<samplingActivity>
			<SamplingActivity
				gml:id="BH16650-8.10-B-9SA">
				<gml:name>BH16650-8.10-B-9SA</gml:name>
				<investigationTarget>Natural Ground</investigationTarget>
				<projectRef xlink:href="#Project_G151043UA"/>
				<samplingFeatureRef xlink:href="#Location_BH16650"/>
				<samplingLocation>
					<LinearExtent gml:id="DGS21B8-AA3-102E-7BF6-5C5AE" srsDimension="1"
						srsName="#sBH16650-B-9-9-lsr">
						<gml:posList>8.10 9.00</gml:posList>
					</LinearExtent>
				</samplingLocation>
				<activityType>collect</activityType>
			</SamplingActivity>
		</samplingActivity>
		<samplingActivity>
			<SamplingActivity
				gml:id="BH16650-0.30-D-2SA">
				<gml:name>BH16650-0.30-D-2SA</gml:name>
				<investigationTarget>Natural Ground</investigationTarget>
				<projectRef xlink:href="#Project_G151043UA"/>
				<samplingFeatureRef xlink:href="#Location_BH16650"/>
				<samplingLocation>
					<LinearExtent gml:id="DGS414D-C9B-12A9-BB6-62B29" srsDimension="1"
						srsName="#sBH16650-D-2-2-lsr">
						<gml:posList>0.30 0.50</gml:posList>
					</LinearExtent>
				</samplingLocation>
				<activityType>collect</activityType>
			</SamplingActivity>
		</samplingActivity>
		<samplingActivity>
			<SamplingActivity
				gml:id="BH16650-0.30-ES-3SA">
				<gml:name>BH16650-0.30-ES-3SA</gml:name>
				<investigationTarget>Natural Ground</investigationTarget>
				<projectRef xlink:href="#Project_G151043UA"/>
				<samplingFeatureRef xlink:href="#Location_BH16650"/>
				<samplingLocation>
					<LinearExtent gml:id="DGS9E18-14E9-3BA7-BB79-BF2F" srsDimension="1"
						srsName="#sBH16650-ES-3-3-lsr">
						<gml:posList>0.30 0.50</gml:posList>
					</LinearExtent>
				</samplingLocation>
				<activityType>collect</activityType>
			</SamplingActivity>
		</samplingActivity>
		<samplingActivity>
			<SamplingActivity
				gml:id="BH16650-1.00-ES-4SA">
				<gml:name>BH16650-1.00-ES-4SA</gml:name>
				<investigationTarget>Natural Ground</investigationTarget>
				<projectRef xlink:href="#Project_G151043UA"/>
				<samplingFeatureRef xlink:href="#Location_BH16650"/>
				<samplingLocation>
					<LinearExtent gml:id="DGS90F9-458-1C5-D683-1253D" srsDimension="1"
						srsName="#sBH16650-ES-4-4-lsr">
						<gml:posList>1.00 1.20</gml:posList>
					</LinearExtent>
				</samplingLocation>
				<activityType>collect</activityType>
			</SamplingActivity>
		</samplingActivity>
		<sample>
			<Sample gml:id="BH16650-0.30-B-1S">
				<gml:name>BH16650-0.30-B-1S</gml:name>
				<projectRef xlink:href="#Project_G151043UA"/>
				<samplingActivityRef xlink:href="#BH16650-0.30-B-1SA"/>
				<sampleProducedRef xlink:href="#SampleProduced_B-001-0-12_9_10.5"/>
			</Sample>
		</sample>
		<sample>
			<Sample gml:id="BH16650-9.00-B-10S">
				<gml:name>BH16650-9.00-B-10S</gml:name>
				<projectRef xlink:href="#Project_G151043UA"/>
				<samplingActivityRef xlink:href="#BH16650-9.00-B-10SA"/>
				<sampleProducedRef xlink:href="#SampleProduced_B-001-0-12_9_10.5"/>
			</Sample>
		</sample>
		<sample>
			<Sample gml:id="BH16650-11.00-B-11S">
				<gml:name>BH16650-11.00-B-11S</gml:name>
				<projectRef xlink:href="#Project_G151043UA"/>
				<samplingActivityRef xlink:href="#BH16650-11.00-B-11SA"/>
				<sampleProducedRef xlink:href="#SampleProduced_B-001-0-12_9_10.5"/>
			</Sample>
		</sample>
		<sample>
			<Sample gml:id="BH16650-12.75-B-12S">
				<gml:name>BH16650-12.75-B-12S</gml:name>
				<projectRef xlink:href="#Project_G151043UA"/>
				<samplingActivityRef xlink:href="#BH16650-12.75-B-12SA"/>
				<sampleProducedRef xlink:href="#SampleProduced_B-001-0-12_9_10.5"/>
			</Sample>
		</sample>
		<sample>
			<Sample gml:id="BH16650-15.50-B-13S">
				<gml:name>BH16650-15.50-B-13S</gml:name>
				<projectRef xlink:href="#Project_G151043UA"/>
				<samplingActivityRef xlink:href="#BH16650-15.50-B-13SA"/>
				<sampleProducedRef xlink:href="#SampleProduced_B-001-0-12_9_10.5"/>
			</Sample>
		</sample>
		<sample>
			<Sample gml:id="BH16650-18.50-B-14S">
				<gml:name>BH16650-18.50-B-14S</gml:name>
				<projectRef xlink:href="#Project_G151043UA"/>
				<samplingActivityRef xlink:href="#BH16650-18.50-B-14SA"/>
				<sampleProducedRef xlink:href="#SampleProduced_B-001-0-12_9_10.5"/>
			</Sample>
		</sample>
		<sample>
			<Sample gml:id="BH16650-26.00-B-15S">
				<gml:name>BH16650-26.00-B-15S</gml:name>
				<projectRef xlink:href="#Project_G151043UA"/>
				<samplingActivityRef xlink:href="#BH16650-26.00-B-15SA"/>
				<sampleProducedRef xlink:href="#SampleProduced_B-001-0-12_9_10.5"/>
			</Sample>
		</sample>
		<sample>
			<Sample gml:id="BH16650-2.00-B-5S">
				<gml:name>BH16650-2.00-B-5S</gml:name>
				<projectRef xlink:href="#Project_G151043UA"/>
				<samplingActivityRef xlink:href="#BH16650-2.00-B-5SA"/>
				<sampleProducedRef xlink:href="#SampleProduced_B-001-0-12_9_10.5"/>
			</Sample>
		</sample>
		<sample>
			<Sample gml:id="BH16650-3.50-B-6S">
				<gml:name>BH16650-3.50-B-6S</gml:name>
				<projectRef xlink:href="#Project_G151043UA"/>
				<samplingActivityRef xlink:href="#BH16650-3.50-B-6SA"/>
				<sampleProducedRef xlink:href="#SampleProduced_B-001-0-12_9_10.5"/>
			</Sample>
		</sample>
		<sample>
			<Sample gml:id="BH16650-5.00-B-7S">
				<gml:name>BH16650-5.00-B-7S</gml:name>
				<projectRef xlink:href="#Project_G151043UA"/>
				<samplingActivityRef xlink:href="#BH16650-5.00-B-7SA"/>
				<sampleProducedRef xlink:href="#SampleProduced_B-001-0-12_9_10.5"/>
			</Sample>
		</sample>
		<sample>
			<Sample gml:id="BH16650-6.50-B-8S">
				<gml:name>BH16650-6.50-B-8S</gml:name>
				<projectRef xlink:href="#Project_G151043UA"/>
				<samplingActivityRef xlink:href="#BH16650-6.50-B-8SA"/>
				<sampleProducedRef xlink:href="#SampleProduced_B-001-0-12_9_10.5"/>
			</Sample>
		</sample>
		<sample>
			<Sample gml:id="BH16650-8.10-B-9S">
				<gml:name>BH16650-8.10-B-9S</gml:name>
				<projectRef xlink:href="#Project_G151043UA"/>
				<samplingActivityRef xlink:href="#BH16650-8.10-B-9SA"/>
				<sampleProducedRef xlink:href="#SampleProduced_B-001-0-12_9_10.5"/>
			</Sample>
		</sample>
		<sample>
			<Sample gml:id="BH16650-0.30-D-2S">
				<gml:name>BH16650-0.30-D-2S</gml:name>
				<projectRef xlink:href="#Project_G151043UA"/>
				<samplingActivityRef xlink:href="#BH16650-0.30-D-2SA"/>
				<sampleProducedRef xlink:href="#SampleProduced_B-001-0-12_9_10.5"/>
			</Sample>
		</sample>
		<sample>
			<Sample gml:id="BH16650-0.30-ES-3S">
				<gml:name>BH16650-0.30-ES-3S</gml:name>
				<projectRef xlink:href="#Project_G151043UA"/>
				<samplingActivityRef xlink:href="#BH16650-0.30-ES-3SA"/>
				<sampleProducedRef xlink:href="#SampleProduced_B-001-0-12_9_10.5"/>
			</Sample>
		</sample>
		<sample>
			<Sample gml:id="BH16650-1.00-ES-4S">
				<gml:name>BH16650-1.00-ES-4S</gml:name>
				<projectRef xlink:href="#Project_G151043UA"/>
				<samplingActivityRef xlink:href="#BH16650-1.00-ES-4SA"/>
				<sampleProducedRef xlink:href="#SampleProduced_B-001-0-12_9_10.5"/>
			</Sample>
		</sample>
</Diggs>
