<?xml version="1.0" encoding="utf-8"?>
<Example>
<parameter name="Stage_StageReadings_R1ShearHorizontalReading3rdthinned" value="-1.174461"/>
<parameter name="Stage_StageReadings_R1ShearHorizontalReading3rdthinned" value="-1.085794"/>
<parameter name="Stage_StageReadings_R1ShearHorizontalReading3rdthinned" value="-0.7634206"/>
<parameter name="Stage_StageReadings_R1ShearHorizontalReading3rdthinned" value="-0.7222617"/>
<parameter name="Stage_StageReadings_R1ShearHorizontalReading3rdthinned" value="-0.6594082"/>
<parameter name="Stage_StageReadings_R1ShearHorizontalReading3rdthinned" value="-0.6209793"/>
<parameter name="Stage_StageReadings_R1ShearHorizontalReading3rdthinned" value="-0.4891782"/>
<parameter name="Stage_StageReadings_R1ShearHorizontalReading3rdthinned" value="-0.4610116"/>
<parameter name="Stage_StageReadings_R1ShearHorizontalReading3rdthinned" value="-0.4343565"/>
<parameter name="Stage_StageReadings_R1ShearHorizontalReading3rdthinned" value="-0.3544275"/>
<parameter name="Stage_StageReadings_R1ShearHorizontalReading3rdthinned" value="-0.2758148"/>
<parameter name="Stage_StageReadings_R1ShearHorizontalReading3rdthinned" value="-0.1178215"/>
<parameter name="Stage_StageReadings_R1ShearHorizontalReading3rdthinned" value="-0.07818611"/>
<parameter name="Stage_StageReadings_R1ShearHorizontalReading3rdthinned" value="-0.02471729"/>
<parameter name="Stage_StageReadings_R1ShearHorizontalReading3rdthinned" value="0.002177436"/>
<parameter name="Stage_StageReadings_R1ShearHorizontalReading3rdthinned" value="0.05627272"/>
<parameter name="Stage_StageReadings_R1ShearHorizontalReading3rdthinned" value="0.08798543"/>
<parameter name="Stage_StageReadings_R1ShearHorizontalReading3rdthinned" value="0.2067956"/>
<parameter name="Stage_StageReadings_R1ShearHorizontalReading3rdthinned" value="0.312091"/>
<parameter name="Stage_StageReadings_R1ShearHorizontalReading3rdthinned" value="0.5055786"/>
<parameter name="Stage_StageReadings_R1ShearHorizontalReading3rdthinned" value="0.5401987"/>
<parameter name="Stage_StageReadings_R1ShearHorizontalReading3rdthinned" value="0.6395091"/>
<parameter name="Stage_StageReadings_R1ShearHorizontalReading3rdthinned" value="0.6591548"/>
<parameter name="Stage_StageReadings_R1ShearHorizontalReading3rdthinned" value="0.7139313"/>
<parameter name="Stage_StageReadings_R1ShearHorizontalReading3rdthinned" value="0.7588181"/>
<parameter name="Stage_StageReadings_R1ShearHorizontalReading3rdthinned" value="0.7865043"/>
<parameter name="Stage_StageReadings_R1ShearHorizontalReading3rdthinned" value="0.8349797"/>
<parameter name="Stage_StageReadings_R1ShearHorizontalReading3rdthinned" value="0.8900967"/>
<parameter name="Stage_StageReadings_R1ShearHorizontalReading3rdthinned" value="0.9089639"/>
<parameter name="Stage_StageReadings_R1ShearHorizontalReading3rdthinned" value="0.967864"/>
<parameter name="Stage_StageReadings_R1ShearHorizontalReading3rdthinned" value="1.038539"/>
<parameter name="Stage_StageReadings_R1ShearHorizontalReading3rdthinned" value="1.15291"/>
<parameter name="Stage_StageReadings_R1ShearHorizontalReading3rdthinned" value="1.266538"/>
<parameter name="Stage_StageReadings_R1ShearHorizontalReading3rdthinned" value="1.334525"/>
<parameter name="Stage_StageReadings_R1ShearHorizontalReading3rdthinned" value="1.406404"/>
<parameter name="Stage_StageReadings_R1ShearHorizontalReading3rdthinned" value="1.421586"/>
<parameter name="Stage_StageReadings_R1ShearHorizontalReading3rdthinned" value="1.489256"/>
<parameter name="Stage_StageReadings_R1ShearHorizontalReading3rdthinned" value="1.526066"/>
<parameter name="Stage_StageReadings_R1ShearHorizontalReading3rdthinned" value="1.566513"/>
<parameter name="Stage_StageReadings_R1ShearHorizontalReading3rdthinned" value="1.614039"/>
<parameter name="Stage_StageReadings_R1ShearHorizontalReading3rdthinned" value="1.651311"/>
<parameter name="Stage_StageReadings_R1ShearHorizontalReading3rdthinned" value="1.676698"/>
<parameter name="Stage_StageReadings_R1ShearHorizontalReading3rdthinned" value="1.733287"/>
<parameter name="Stage_StageReadings_R1ShearHorizontalReading3rdthinned" value="1.840821"/>
<parameter name="Stage_StageReadings_R1ShearHorizontalReading3rdthinned" value="1.902738"/>
<parameter name="Stage_StageReadings_R1ShearHorizontalReading3rdthinned" value="1.958743"/>
<parameter name="Stage_StageReadings_R1ShearHorizontalReading3rdthinned" value="1.991405"/>
<parameter name="Stage_StageReadings_R1ShearHorizontalReading3rdthinned" value="2.125189"/>
<parameter name="Stage_StageReadings_R1ShearHorizontalReading3rdthinned" value="2.167655"/>
<parameter name="Stage_StageReadings_R1ShearHorizontalReading3rdthinned" value="2.218491"/>
<parameter name="Stage_StageReadings_R1ShearHorizontalReading3rdthinned" value="2.293801"/>
<parameter name="Stage_StageReadings_R1ShearHorizontalReading3rdthinned" value="2.443204"/>
<parameter name="Stage_StageReadings_R1ShearHorizontalReading3rdthinned" value="2.48477"/>
<parameter name="Stage_StageReadings_R1ShearHorizontalReading3rdthinned" value="2.542722"/>
<parameter name="Stage_StageReadings_R1ShearHorizontalReading3rdthinned" value="2.572719"/>
<parameter name="Stage_StageReadings_R1ShearHorizontalReading3rdthinned" value="2.623348"/>
<parameter name="Stage_StageReadings_R1ShearHorizontalReading3rdthinned" value="2.659512"/>
<parameter name="Stage_StageReadings_R1ShearHorizontalReading3rdthinned" value="2.743727"/>
<parameter name="Stage_StageReadings_R1ShearHorizontalReading3rdthinned" value="2.78758"/>
<parameter name="Stage_StageReadings_R1ShearHorizontalReading3rdthinned" value="2.826993"/>
<parameter name="Stage_StageReadings_R1ShearHorizontalReading3rdthinned" value="2.876137"/>
<parameter name="Stage_StageReadings_R1ShearHorizontalReading3rdthinned" value="2.891793"/>
<parameter name="Stage_StageReadings_R1ShearHorizontalReading3rdthinned" value="2.919662"/>
<parameter name="Stage_StageReadings_R1ShearHorizontalReading3rdthinned" value="2.978027"/>
<parameter name="Stage_StageReadings_R1ShearHorizontalReading3rdthinned" value="3.018729"/>
<parameter name="Stage_StageReadings_R1ShearHorizontalReading3rdthinned" value="3.06763"/>
<parameter name="Stage_StageReadings_R1ShearHorizontalReading3rdthinned" value="3.082288"/>
<parameter name="Stage_StageReadings_R1ShearHorizontalReading3rdthinned" value="3.147769"/>
<parameter name="Stage_StageReadings_R1ShearHorizontalReading3rdthinned" value="3.202667"/>
<parameter name="Stage_StageReadings_R1ShearHorizontalReading3rdthinned" value="3.268793"/>
<parameter name="Stage_StageReadings_R1ShearHorizontalReading3rdthinned" value="3.379708"/>
<parameter name="Stage_StageReadings_R1ShearHorizontalReading3rdthinned" value="3.410436"/>
<parameter name="Stage_StageReadings_R1ShearHorizontalReading3rdthinned" value="3.496086"/>
<parameter name="Stage_StageReadings_R1ShearHorizontalReading3rdthinned" value="3.506839"/>
<parameter name="Stage_StageReadings_R1ShearHorizontalReading3rdthinned" value="3.521509"/>
<parameter name="Stage_StageReadings_R1ShearHorizontalReading3rdthinned" value="3.584302"/>
<parameter name="Stage_StageReadings_R1ShearHorizontalReading3rdthinned" value="3.748364"/>
<parameter name="Stage_StageReadings_R1ShearHorizontalReading3rdthinned" value="3.763497"/>
<parameter name="Stage_StageReadings_R1ShearHorizontalReading3rdthinned" value="3.936074"/>
<parameter name="Stage_StageReadings_R1ShearHorizontalReading3rdthinned" value="3.960305"/>
<parameter name="Stage_StageReadings_R1ShearHorizontalReading3rdthinned" value="3.977628"/>
<parameter name="Stage_StageReadings_R1ShearHorizontalReading3rdthinned" value="3.99658"/>
<parameter name="Stage_StageReadings_R1ShearHorizontalReading3rdthinned" value="4.019522"/>
<parameter name="Stage_StageReadings_R1ShearHorizontalReading3rdthinned" value="4.0271"/>
<parameter name="Stage_StageReadings_R1ShearHorizontalReading3rdthinned" value="4.117397"/>
<parameter name="Stage_StageReadings_R1ShearHorizontalReading3rdthinned" value="4.203959"/>
<parameter name="Stage_StageReadings_R1ShearHorizontalReading3rdthinned" value="4.235294"/>
<parameter name="Stage_StageReadings_R1ShearHorizontalReading3rdthinned" value="4.309899"/>
<parameter name="Stage_StageReadings_R1ShearHorizontalReading3rdthinned" value="4.360102"/>
<parameter name="Stage_StageReadings_R1ShearHorizontalReading3rdthinned" value="4.396985"/>
<parameter name="Stage_StageReadings_R1ShearHorizontalReading3rdthinned" value="4.473231"/>
<parameter name="Stage_StageReadings_R1ShearHorizontalReading3rdthinned" value="4.557896"/>
<parameter name="Stage_StageReadings_R1ShearHorizontalReading3rdthinned" value="4.617805"/>
<parameter name="Stage_StageReadings_R1ShearHorizontalReading3rdthinned" value="4.658629"/>
<parameter name="Stage_StageReadings_R1ShearHorizontalReading3rdthinned" value="4.711679"/>
<parameter name="Stage_StageReadings_R1ShearHorizontalReading3rdthinned" value="4.768341"/>
<parameter name="Stage_StageReadings_R1ShearHorizontalReading3rdthinned" value="4.799312"/>
<parameter name="Stage_StageReadings_R1ShearHorizontalReading3rdthinned" value="4.832301"/>
<parameter name="Stage_StageReadings_R1ShearHorizontalReading3rdthinned" value="4.91328"/>
<parameter name="Stage_StageReadings_R1ShearHorizontalReading3rdthinned" value="4.93649"/>
<parameter name="Stage_StageReadings_R1ShearHorizontalReading3rdthinned" value="5.017814"/>
<parameter name="Stage_StageReadings_R1ShearHorizontalReading3rdthinned" value="5.043772"/>
<parameter name="Stage_StageReadings_R1ShearHorizontalReading3rdthinned" value="5.059583"/>
<parameter name="Stage_StageReadings_R1ShearHorizontalReading3rdthinned" value="5.083233"/>
<parameter name="Stage_StageReadings_R1ShearHorizontalReading3rdthinned" value="5.155954"/>
<parameter name="Stage_StageReadings_R1ShearHorizontalReading3rdthinned" value="5.180813"/>
<parameter name="Stage_StageReadings_R1ShearHorizontalReading3rdthinned" value="5.222228"/>
<parameter name="Stage_StageReadings_R1ShearHorizontalReading3rdthinned" value="5.243326"/>
<parameter name="Stage_StageReadings_R1ShearHorizontalReading3rdthinned" value="5.317829"/>
<parameter name="Stage_StageReadings_R1ShearHorizontalReading3rdthinned" value="5.401123"/>
<parameter name="Stage_StageReadings_R1ShearHorizontalReading3rdthinned" value="5.462928"/>
<parameter name="Stage_StageReadings_R1ShearHorizontalReading3rdthinned" value="5.497628"/>
<parameter name="Stage_StageReadings_R1ShearHorizontalReading3rdthinned" value="5.55433"/>
<parameter name="Stage_StageReadings_R1ShearHorizontalReading3rdthinned" value="5.562022"/>
<parameter name="Stage_StageReadings_R1ShearHorizontalReading3rdthinned" value="5.588919"/>
<parameter name="Stage_StageReadings_R1ShearHorizontalReading3rdthinned" value="5.632471"/>
<parameter name="Stage_StageReadings_R1ShearHorizontalReading3rdthinned" value="5.641152"/>
<parameter name="Stage_StageReadings_R1ShearHorizontalReading3rdthinned" value="5.67667"/>
<parameter name="Stage_StageReadings_R1ShearHorizontalReading3rdthinned" value="5.739464"/>
<parameter name="Stage_StageReadings_R1ShearHorizontalReading3rdthinned" value="5.78265"/>
<parameter name="Stage_StageReadings_R1ShearHorizontalReading3rdthinned" value="5.827996"/>
<parameter name="Stage_StageReadings_R1ShearHorizontalReading3rdthinned" value="5.875467"/>
<parameter name="Stage_StageReadings_R1ShearHorizontalReading3rdthinned" value="5.949653"/>
<parameter name="Stage_StageReadings_R1ShearHorizontalReading3rdthinned" value="5.970324"/>
<parameter name="Stage_StageReadings_R1ShearHorizontalReading3rdthinned" value="6.028027"/>
<parameter name="Stage_StageReadings_R1ShearHorizontalReading3rdthinned" value="6.130208"/>
<parameter name="Stage_StageReadings_R1ShearHorizontalReading3rdthinned" value="6.186068"/>
<parameter name="Stage_StageReadings_R1ShearHorizontalReading3rdthinned" value="6.270851"/>
<parameter name="Stage_StageReadings_R1ShearHorizontalReading3rdthinned" value="6.37075"/>
<parameter name="Stage_StageReadings_R1ShearHorizontalReading3rdthinned" value="6.462738"/>
<parameter name="Stage_StageReadings_R1ShearHorizontalReading3rdthinned" value="6.511344"/>
<parameter name="Stage_StageReadings_R1ShearHorizontalReading3rdthinned" value="6.528633"/>
<parameter name="Stage_StageReadings_R1ShearHorizontalReading3rdthinned" value="6.56641"/>
<parameter name="Stage_StageReadings_R1ShearHorizontalReading3rdthinned" value="6.673927"/>
<parameter name="Stage_StageReadings_R1ShearHorizontalReading3rdthinned" value="6.71135"/>
<parameter name="Stage_StageReadings_R1ShearHorizontalReading3rdthinned" value="6.797758"/>
<parameter name="Stage_StageReadings_R1ShearHorizontalReading3rdthinned" value="6.881772"/>
<parameter name="Stage_StageReadings_R1ShearHorizontalReading3rdthinned" value="6.982635"/>
<parameter name="Stage_StageReadings_R1ShearHorizontalReading3rdthinned" value="7.010327"/>
<parameter name="Stage_StageReadings_R1ShearHorizontalReading3rdthinned" value="7.030937"/>
<parameter name="Stage_StageReadings_R1ShearHorizontalReading3rdthinned" value="7.146416"/>
<parameter name="Stage_StageReadings_R1ShearHorizontalReading3rdthinned" value="7.16589"/>
<parameter name="Stage_StageReadings_R1ShearHorizontalReading3rdthinned" value="7.192727"/>
<parameter name="Stage_StageReadings_R1ShearHorizontalReading3rdthinned" value="7.226768"/>
<parameter name="Stage_StageReadings_R1ShearHorizontalReading3rdthinned" value="7.273249"/>
<parameter name="Stage_StageReadings_R1ShearHorizontalReading3rdthinned" value="7.341452"/>
<parameter name="Stage_StageReadings_R1ShearHorizontalReading3rdthinned" value="7.463268"/>
<parameter name="Stage_StageReadings_R1ShearHorizontalReading3rdthinned" value="7.545133"/>
<parameter name="Stage_StageReadings_R1ShearHorizontalReading3rdthinned" value="7.582971"/>
<parameter name="Stage_StageReadings_R1ShearHorizontalReading3rdthinned" value="7.640735"/>
<parameter name="Stage_StageReadings_R1ShearHorizontalReading3rdthinned" value="7.772"/>
<parameter name="Stage_StageReadings_R1ShearHorizontalReading3rdthinned" value="7.86914"/>
<parameter name="Stage_StageReadings_R1ShearHorizontalReading3rdthinned" value="7.921311"/>
<parameter name="Stage_StageReadings_R1ShearHorizontalReading3rdthinned" value="7.95363"/>
<parameter name="Stage_StageReadings_R1ShearHorizontalReading3rdthinned" value="7.973373"/>
<parameter name="Stage_StageReadings_R1ShearHorizontalReading3rdthinned" value="7.991798"/>
<parameter name="Stage_StageReadings_R1ShearHorizontalReading3rdthinned" value="8.046619"/>
<parameter name="Stage_StageReadings_R1ShearHorizontalReading3rdthinned" value="8.095787"/>
<parameter name="Stage_StageReadings_R1ShearHorizontalReading3rdthinned" value="8.164796"/>
<parameter name="Stage_StageReadings_R1ShearHorizontalReading3rdthinned" value="8.278419"/>
<parameter name="Stage_StageReadings_R1ShearHorizontalReading3rdthinned" value="8.371493"/>
<parameter name="Stage_StageReadings_R1ShearHorizontalReading3rdthinned" value="8.420747"/>
<parameter name="Stage_StageReadings_R1ShearHorizontalReading3rdthinned" value="8.44596"/>
<parameter name="Stage_StageReadings_R1ShearHorizontalReading3rdthinned" value="8.49768"/>
<parameter name="Stage_StageReadings_R1ShearHorizontalReading3rdthinned" value="8.551279"/>
<parameter name="Stage_StageReadings_R1ShearHorizontalReading3rdthinned" value="8.569838"/>
<parameter name="Stage_StageReadings_R1ShearHorizontalReading3rdthinned" value="8.59819"/>
<parameter name="Stage_StageReadings_R1ShearHorizontalReading3rdthinned" value="8.669957"/>
<parameter name="Stage_StageReadings_R1ShearHorizontalReading3rdthinned" value="8.708149"/>
<parameter name="Stage_StageReadings_R1ShearLoadReading3rdthinned" value="-2.056571"/>
<parameter name="Stage_StageReadings_R1ShearLoadReading3rdthinned" value="13.17071"/>
<parameter name="Stage_StageReadings_R1ShearLoadReading3rdthinned" value="28.48571"/>
<parameter name="Stage_StageReadings_R1ShearLoadReading3rdthinned" value="28.10272"/>
<parameter name="Stage_StageReadings_R1ShearLoadReading3rdthinned" value="29.43138"/>
<parameter name="Stage_StageReadings_R1ShearLoadReading3rdthinned" value="27.8663"/>
<parameter name="Stage_StageReadings_R1ShearLoadReading3rdthinned" value="31.20686"/>
<parameter name="Stage_StageReadings_R1ShearLoadReading3rdthinned" value="30.72693"/>
<parameter name="Stage_StageReadings_R1ShearLoadReading3rdthinned" value="31.36762"/>
<parameter name="Stage_StageReadings_R1ShearLoadReading3rdthinned" value="30.75767"/>
<parameter name="Stage_StageReadings_R1ShearLoadReading3rdthinned" value="33.66321"/>
<parameter name="Stage_StageReadings_R1ShearLoadReading3rdthinned" value="35.47416"/>
<parameter name="Stage_StageReadings_R1ShearLoadReading3rdthinned" value="35.31103"/>
<parameter name="Stage_StageReadings_R1ShearLoadReading3rdthinned" value="36.2496"/>
<parameter name="Stage_StageReadings_R1ShearLoadReading3rdthinned" value="35.64911"/>
<parameter name="Stage_StageReadings_R1ShearLoadReading3rdthinned" value="36.44583"/>
<parameter name="Stage_StageReadings_R1ShearLoadReading3rdthinned" value="35.9659"/>
<parameter name="Stage_StageReadings_R1ShearLoadReading3rdthinned" value="37.83595"/>
<parameter name="Stage_StageReadings_R1ShearLoadReading3rdthinned" value="36.78154"/>
<parameter name="Stage_StageReadings_R1ShearLoadReading3rdthinned" value="39.18352"/>
<parameter name="Stage_StageReadings_R1ShearLoadReading3rdthinned" value="38.58538"/>
<parameter name="Stage_StageReadings_R1ShearLoadReading3rdthinned" value="39.8313"/>
<parameter name="Stage_StageReadings_R1ShearLoadReading3rdthinned" value="39.14806"/>
<parameter name="Stage_StageReadings_R1ShearLoadReading3rdthinned" value="40.15282"/>
<parameter name="Stage_StageReadings_R1ShearLoadReading3rdthinned" value="39.21189"/>
<parameter name="Stage_StageReadings_R1ShearLoadReading3rdthinned" value="40.27812"/>
<parameter name="Stage_StageReadings_R1ShearLoadReading3rdthinned" value="39.58306"/>
<parameter name="Stage_StageReadings_R1ShearLoadReading3rdthinned" value="40.38924"/>
<parameter name="Stage_StageReadings_R1ShearLoadReading3rdthinned" value="39.98024"/>
<parameter name="Stage_StageReadings_R1ShearLoadReading3rdthinned" value="40.22374"/>
<parameter name="Stage_StageReadings_R1ShearLoadReading3rdthinned" value="39.69654"/>
<parameter name="Stage_StageReadings_R1ShearLoadReading3rdthinned" value="41.27816"/>
<parameter name="Stage_StageReadings_R1ShearLoadReading3rdthinned" value="40.36087"/>
<parameter name="Stage_StageReadings_R1ShearLoadReading3rdthinned" value="41.50985"/>
<parameter name="Stage_StageReadings_R1ShearLoadReading3rdthinned" value="41.1174"/>
<parameter name="Stage_StageReadings_R1ShearLoadReading3rdthinned" value="41.41055"/>
<parameter name="Stage_StageReadings_R1ShearLoadReading3rdthinned" value="41.07248"/>
<parameter name="Stage_StageReadings_R1ShearLoadReading3rdthinned" value="41.54058"/>
<parameter name="Stage_StageReadings_R1ShearLoadReading3rdthinned" value="41.32307"/>
<parameter name="Stage_StageReadings_R1ShearLoadReading3rdthinned" value="41.5524"/>
<parameter name="Stage_StageReadings_R1ShearLoadReading3rdthinned" value="40.985"/>
<parameter name="Stage_StageReadings_R1ShearLoadReading3rdthinned" value="41.57368"/>
<parameter name="Stage_StageReadings_R1ShearLoadReading3rdthinned" value="41.27343"/>
<parameter name="Stage_StageReadings_R1ShearLoadReading3rdthinned" value="42.11507"/>
<parameter name="Stage_StageReadings_R1ShearLoadReading3rdthinned" value="41.70844"/>
<parameter name="Stage_StageReadings_R1ShearLoadReading3rdthinned" value="42.24747"/>
<parameter name="Stage_StageReadings_R1ShearLoadReading3rdthinned" value="41.68007"/>
<parameter name="Stage_StageReadings_R1ShearLoadReading3rdthinned" value="42.1529"/>
<parameter name="Stage_StageReadings_R1ShearLoadReading3rdthinned" value="41.55476"/>
<parameter name="Stage_StageReadings_R1ShearLoadReading3rdthinned" value="41.83137"/>
<parameter name="Stage_StageReadings_R1ShearLoadReading3rdthinned" value="40.94245"/>
<parameter name="Stage_StageReadings_R1ShearLoadReading3rdthinned" value="41.90939"/>
<parameter name="Stage_StageReadings_R1ShearLoadReading3rdthinned" value="41.40346"/>
<parameter name="Stage_StageReadings_R1ShearLoadReading3rdthinned" value="41.95903"/>
<parameter name="Stage_StageReadings_R1ShearLoadReading3rdthinned" value="41.44365"/>
<parameter name="Stage_StageReadings_R1ShearLoadReading3rdthinned" value="41.24979"/>
<parameter name="Stage_StageReadings_R1ShearLoadReading3rdthinned" value="41.59732"/>
<parameter name="Stage_StageReadings_R1ShearLoadReading3rdthinned" value="40.88571"/>
<parameter name="Stage_StageReadings_R1ShearLoadReading3rdthinned" value="41.10085"/>
<parameter name="Stage_StageReadings_R1ShearLoadReading3rdthinned" value="40.7415"/>
<parameter name="Stage_StageReadings_R1ShearLoadReading3rdthinned" value="41.01574"/>
<parameter name="Stage_StageReadings_R1ShearLoadReading3rdthinned" value="40.34668"/>
<parameter name="Stage_StageReadings_R1ShearLoadReading3rdthinned" value="41.00864"/>
<parameter name="Stage_StageReadings_R1ShearLoadReading3rdthinned" value="40.5169"/>
<parameter name="Stage_StageReadings_R1ShearLoadReading3rdthinned" value="41.43183"/>
<parameter name="Stage_StageReadings_R1ShearLoadReading3rdthinned" value="40.76751"/>
<parameter name="Stage_StageReadings_R1ShearLoadReading3rdthinned" value="41.15995"/>
<parameter name="Stage_StageReadings_R1ShearLoadReading3rdthinned" value="40.98027"/>
<parameter name="Stage_StageReadings_R1ShearLoadReading3rdthinned" value="41.6186"/>
<parameter name="Stage_StageReadings_R1ShearLoadReading3rdthinned" value="41.1174"/>
<parameter name="Stage_StageReadings_R1ShearLoadReading3rdthinned" value="41.63515"/>
<parameter name="Stage_StageReadings_R1ShearLoadReading3rdthinned" value="41.27816"/>
<parameter name="Stage_StageReadings_R1ShearLoadReading3rdthinned" value="41.71553"/>
<parameter name="Stage_StageReadings_R1ShearLoadReading3rdthinned" value="41.42474"/>
<parameter name="Stage_StageReadings_R1ShearLoadReading3rdthinned" value="41.7108"/>
<parameter name="Stage_StageReadings_R1ShearLoadReading3rdthinned" value="41.43892"/>
<parameter name="Stage_StageReadings_R1ShearLoadReading3rdthinned" value="42.28765"/>
<parameter name="Stage_StageReadings_R1ShearLoadReading3rdthinned" value="41.78172"/>
<parameter name="Stage_StageReadings_R1ShearLoadReading3rdthinned" value="42.79831"/>
<parameter name="Stage_StageReadings_R1ShearLoadReading3rdthinned" value="41.87156"/>
<parameter name="Stage_StageReadings_R1ShearLoadReading3rdthinned" value="42.54062"/>
<parameter name="Stage_StageReadings_R1ShearLoadReading3rdthinned" value="42.36094"/>
<parameter name="Stage_StageReadings_R1ShearLoadReading3rdthinned" value="42.60209"/>
<parameter name="Stage_StageReadings_R1ShearLoadReading3rdthinned" value="42.34439"/>
<parameter name="Stage_StageReadings_R1ShearLoadReading3rdthinned" value="42.93543"/>
<parameter name="Stage_StageReadings_R1ShearLoadReading3rdthinned" value="41.83846"/>
<parameter name="Stage_StageReadings_R1ShearLoadReading3rdthinned" value="43.19786"/>
<parameter name="Stage_StageReadings_R1ShearLoadReading3rdthinned" value="42.8054"/>
<parameter name="Stage_StageReadings_R1ShearLoadReading3rdthinned" value="43.45319"/>
<parameter name="Stage_StageReadings_R1ShearLoadReading3rdthinned" value="42.98272"/>
<parameter name="Stage_StageReadings_R1ShearLoadReading3rdthinned" value="43.5903"/>
<parameter name="Stage_StageReadings_R1ShearLoadReading3rdthinned" value="43.0891"/>
<parameter name="Stage_StageReadings_R1ShearLoadReading3rdthinned" value="43.74634"/>
<parameter name="Stage_StageReadings_R1ShearLoadReading3rdthinned" value="43.27114"/>
<parameter name="Stage_StageReadings_R1ShearLoadReading3rdthinned" value="43.72506"/>
<parameter name="Stage_StageReadings_R1ShearLoadReading3rdthinned" value="43.43427"/>
<parameter name="Stage_StageReadings_R1ShearLoadReading3rdthinned" value="43.88582"/>
<parameter name="Stage_StageReadings_R1ShearLoadReading3rdthinned" value="43.16948"/>
<parameter name="Stage_StageReadings_R1ShearLoadReading3rdthinned" value="44.43667"/>
<parameter name="Stage_StageReadings_R1ShearLoadReading3rdthinned" value="43.77707"/>
<parameter name="Stage_StageReadings_R1ShearLoadReading3rdthinned" value="44.16479"/>
<parameter name="Stage_StageReadings_R1ShearLoadReading3rdthinned" value="43.71324"/>
<parameter name="Stage_StageReadings_R1ShearLoadReading3rdthinned" value="44.24044"/>
<parameter name="Stage_StageReadings_R1ShearLoadReading3rdthinned" value="43.98985"/>
<parameter name="Stage_StageReadings_R1ShearLoadReading3rdthinned" value="44.18134"/>
<parameter name="Stage_StageReadings_R1ShearLoadReading3rdthinned" value="43.94729"/>
<parameter name="Stage_StageReadings_R1ShearLoadReading3rdthinned" value="44.44613"/>
<parameter name="Stage_StageReadings_R1ShearLoadReading3rdthinned" value="43.86927"/>
<parameter name="Stage_StageReadings_R1ShearLoadReading3rdthinned" value="44.54306"/>
<parameter name="Stage_StageReadings_R1ShearLoadReading3rdthinned" value="43.79599"/>
<parameter name="Stage_StageReadings_R1ShearLoadReading3rdthinned" value="44.81258"/>
<parameter name="Stage_StageReadings_R1ShearLoadReading3rdthinned" value="44.5407"/>
<parameter name="Stage_StageReadings_R1ShearLoadReading3rdthinned" value="44.87167"/>
<parameter name="Stage_StageReadings_R1ShearLoadReading3rdthinned" value="44.18607"/>
<parameter name="Stage_StageReadings_R1ShearLoadReading3rdthinned" value="45.15538"/>
<parameter name="Stage_StageReadings_R1ShearLoadReading3rdthinned" value="44.51705"/>
<parameter name="Stage_StageReadings_R1ShearLoadReading3rdthinned" value="45.07499"/>
<parameter name="Stage_StageReadings_R1ShearLoadReading3rdthinned" value="44.58325"/>
<parameter name="Stage_StageReadings_R1ShearLoadReading3rdthinned" value="44.91423"/>
<parameter name="Stage_StageReadings_R1ShearLoadReading3rdthinned" value="44.44376"/>
<parameter name="Stage_StageReadings_R1ShearLoadReading3rdthinned" value="45.12464"/>
<parameter name="Stage_StageReadings_R1ShearLoadReading3rdthinned" value="44.54542"/>
<parameter name="Stage_StageReadings_R1ShearLoadReading3rdthinned" value="45.21684"/>
<parameter name="Stage_StageReadings_R1ShearLoadReading3rdthinned" value="44.61162"/>
<parameter name="Stage_StageReadings_R1ShearLoadReading3rdthinned" value="45.37051"/>
<parameter name="Stage_StageReadings_R1ShearLoadReading3rdthinned" value="44.53596"/>
<parameter name="Stage_StageReadings_R1ShearLoadReading3rdthinned" value="45.17192"/>
<parameter name="Stage_StageReadings_R1ShearLoadReading3rdthinned" value="44.44613"/>
<parameter name="Stage_StageReadings_R1ShearLoadReading3rdthinned" value="45.23812"/>
<parameter name="Stage_StageReadings_R1ShearLoadReading3rdthinned" value="44.5667"/>
<parameter name="Stage_StageReadings_R1ShearLoadReading3rdthinned" value="45.15301"/>
<parameter name="Stage_StageReadings_R1ShearLoadReading3rdthinned" value="44.6589"/>
<parameter name="Stage_StageReadings_R1ShearLoadReading3rdthinned" value="45.43671"/>
<parameter name="Stage_StageReadings_R1ShearLoadReading3rdthinned" value="44.90714"/>
<parameter name="Stage_StageReadings_R1ShearLoadReading3rdthinned" value="45.37997"/>
<parameter name="Stage_StageReadings_R1ShearLoadReading3rdthinned" value="44.76292"/>
<parameter name="Stage_StageReadings_R1ShearLoadReading3rdthinned" value="45.919"/>
<parameter name="Stage_StageReadings_R1ShearLoadReading3rdthinned" value="45.11046"/>
<parameter name="Stage_StageReadings_R1ShearLoadReading3rdthinned" value="46.01593"/>
<parameter name="Stage_StageReadings_R1ShearLoadReading3rdthinned" value="45.50527"/>
<parameter name="Stage_StageReadings_R1ShearLoadReading3rdthinned" value="46.33745"/>
<parameter name="Stage_StageReadings_R1ShearLoadReading3rdthinned" value="45.919"/>
<parameter name="Stage_StageReadings_R1ShearLoadReading3rdthinned" value="46.76773"/>
<parameter name="Stage_StageReadings_R1ShearLoadReading3rdthinned" value="45.85516"/>
<parameter name="Stage_StageReadings_R1ShearLoadReading3rdthinned" value="47.00415"/>
<parameter name="Stage_StageReadings_R1ShearLoadReading3rdthinned" value="46.54077"/>
<parameter name="Stage_StageReadings_R1ShearLoadReading3rdthinned" value="47.42496"/>
<parameter name="Stage_StageReadings_R1ShearLoadReading3rdthinned" value="46.52895"/>
<parameter name="Stage_StageReadings_R1ShearLoadReading3rdthinned" value="47.59046"/>
<parameter name="Stage_StageReadings_R1ShearLoadReading3rdthinned" value="46.91431"/>
<parameter name="Stage_StageReadings_R1ShearLoadReading3rdthinned" value="47.94744"/>
<parameter name="Stage_StageReadings_R1ShearLoadReading3rdthinned" value="47.15309"/>
<parameter name="Stage_StageReadings_R1ShearLoadReading3rdthinned" value="48.47465"/>
<parameter name="Stage_StageReadings_R1ShearLoadReading3rdthinned" value="46.53604"/>
<parameter name="Stage_StageReadings_R1ShearLoadReading3rdthinned" value="48.13657"/>
<parameter name="Stage_StageReadings_R1ShearLoadReading3rdthinned" value="47.80323"/>
<parameter name="Stage_StageReadings_R1ShearLoadReading3rdthinned" value="48.33516"/>
<parameter name="Stage_StageReadings_R1ShearLoadReading3rdthinned" value="47.54317"/>
<parameter name="Stage_StageReadings_R1ShearLoadReading3rdthinned" value="48.38954"/>
<parameter name="Stage_StageReadings_R1ShearLoadReading3rdthinned" value="47.40369"/>
<parameter name="Stage_StageReadings_R1ShearLoadReading3rdthinned" value="48.46992"/>
<parameter name="Stage_StageReadings_R1ShearLoadReading3rdthinned" value="47.86706"/>
<parameter name="Stage_StageReadings_R1ShearLoadReading3rdthinned" value="48.32571"/>
<parameter name="Stage_StageReadings_R1ShearLoadReading3rdthinned" value="48.00182"/>
<parameter name="Stage_StageReadings_R1ShearLoadReading3rdthinned" value="48.55267"/>
<parameter name="Stage_StageReadings_R1ShearLoadReading3rdthinned" value="48.42027"/>
<parameter name="Stage_StageReadings_R1ShearLoadReading3rdthinned" value="48.66614"/>
<parameter name="Stage_StageReadings_R1ShearLoadReading3rdthinned" value="47.29021"/>
<parameter name="Stage_StageReadings_R1ShearLoadReading3rdthinned" value="48.87183"/>
		
		
<parameter name="Stage_StageReadings_R1ShearHorizontalReading3rdthinned" value="-1.174461"/>
<parameter name="Stage_StageReadings_R1ShearHorizontalReading3rdthinned" value="-1.085794"/>
<parameter name="Stage_StageReadings_R1ShearHorizontalReading3rdthinned" value="-0.7634206"/>
<parameter name="Stage_StageReadings_R1ShearHorizontalReading3rdthinned" value="-0.7222617"/>
<parameter name="Stage_StageReadings_R1ShearHorizontalReading3rdthinned" value="-0.6594082"/>
<parameter name="Stage_StageReadings_R1ShearHorizontalReading3rdthinned" value="-0.6209793"/>
<parameter name="Stage_StageReadings_R1ShearHorizontalReading3rdthinned" value="-0.4891782"/>
<parameter name="Stage_StageReadings_R1ShearHorizontalReading3rdthinned" value="-0.4610116"/>
<parameter name="Stage_StageReadings_R1ShearHorizontalReading3rdthinned" value="-0.4343565"/>
<parameter name="Stage_StageReadings_R1ShearHorizontalReading3rdthinned" value="-0.3544275"/>
<parameter name="Stage_StageReadings_R1ShearHorizontalReading3rdthinned" value="-0.2758148"/>
<parameter name="Stage_StageReadings_R1ShearHorizontalReading3rdthinned" value="-0.1178215"/>
<parameter name="Stage_StageReadings_R1ShearHorizontalReading3rdthinned" value="-0.07818611"/>
<parameter name="Stage_StageReadings_R1ShearHorizontalReading3rdthinned" value="-0.02471729"/>
<parameter name="Stage_StageReadings_R1ShearHorizontalReading3rdthinned" value="0.002177436"/>
<parameter name="Stage_StageReadings_R1ShearHorizontalReading3rdthinned" value="0.05627272"/>
<parameter name="Stage_StageReadings_R1ShearHorizontalReading3rdthinned" value="0.08798543"/>
<parameter name="Stage_StageReadings_R1ShearHorizontalReading3rdthinned" value="0.2067956"/>
<parameter name="Stage_StageReadings_R1ShearHorizontalReading3rdthinned" value="0.312091"/>
<parameter name="Stage_StageReadings_R1ShearHorizontalReading3rdthinned" value="0.5055786"/>
<parameter name="Stage_StageReadings_R1ShearHorizontalReading3rdthinned" value="0.5401987"/>
<parameter name="Stage_StageReadings_R1ShearHorizontalReading3rdthinned" value="0.6395091"/>
<parameter name="Stage_StageReadings_R1ShearHorizontalReading3rdthinned" value="0.6591548"/>
<parameter name="Stage_StageReadings_R1ShearHorizontalReading3rdthinned" value="0.7139313"/>
<parameter name="Stage_StageReadings_R1ShearHorizontalReading3rdthinned" value="0.7588181"/>
<parameter name="Stage_StageReadings_R1ShearHorizontalReading3rdthinned" value="0.7865043"/>
<parameter name="Stage_StageReadings_R1ShearHorizontalReading3rdthinned" value="0.8349797"/>
<parameter name="Stage_StageReadings_R1ShearHorizontalReading3rdthinned" value="0.8900967"/>
<parameter name="Stage_StageReadings_R1ShearHorizontalReading3rdthinned" value="0.9089639"/>
<parameter name="Stage_StageReadings_R1ShearHorizontalReading3rdthinned" value="0.967864"/>
<parameter name="Stage_StageReadings_R1ShearHorizontalReading3rdthinned" value="1.038539"/>
<parameter name="Stage_StageReadings_R1ShearHorizontalReading3rdthinned" value="1.15291"/>
<parameter name="Stage_StageReadings_R1ShearHorizontalReading3rdthinned" value="1.266538"/>
<parameter name="Stage_StageReadings_R1ShearHorizontalReading3rdthinned" value="1.334525"/>
<parameter name="Stage_StageReadings_R1ShearHorizontalReading3rdthinned" value="1.406404"/>
<parameter name="Stage_StageReadings_R1ShearHorizontalReading3rdthinned" value="1.421586"/>
<parameter name="Stage_StageReadings_R1ShearHorizontalReading3rdthinned" value="1.489256"/>
<parameter name="Stage_StageReadings_R1ShearHorizontalReading3rdthinned" value="1.526066"/>
<parameter name="Stage_StageReadings_R1ShearHorizontalReading3rdthinned" value="1.566513"/>
<parameter name="Stage_StageReadings_R1ShearHorizontalReading3rdthinned" value="1.614039"/>
<parameter name="Stage_StageReadings_R1ShearHorizontalReading3rdthinned" value="1.651311"/>
<parameter name="Stage_StageReadings_R1ShearHorizontalReading3rdthinned" value="1.676698"/>
<parameter name="Stage_StageReadings_R1ShearHorizontalReading3rdthinned" value="1.733287"/>
<parameter name="Stage_StageReadings_R1ShearHorizontalReading3rdthinned" value="1.840821"/>
<parameter name="Stage_StageReadings_R1ShearHorizontalReading3rdthinned" value="1.902738"/>
<parameter name="Stage_StageReadings_R1ShearHorizontalReading3rdthinned" value="1.958743"/>
<parameter name="Stage_StageReadings_R1ShearHorizontalReading3rdthinned" value="1.991405"/>
<parameter name="Stage_StageReadings_R1ShearHorizontalReading3rdthinned" value="2.125189"/>
<parameter name="Stage_StageReadings_R1ShearHorizontalReading3rdthinned" value="2.167655"/>
<parameter name="Stage_StageReadings_R1ShearHorizontalReading3rdthinned" value="2.218491"/>
<parameter name="Stage_StageReadings_R1ShearHorizontalReading3rdthinned" value="2.293801"/>
<parameter name="Stage_StageReadings_R1ShearHorizontalReading3rdthinned" value="2.443204"/>
<parameter name="Stage_StageReadings_R1ShearHorizontalReading3rdthinned" value="2.48477"/>
<parameter name="Stage_StageReadings_R1ShearHorizontalReading3rdthinned" value="2.542722"/>
<parameter name="Stage_StageReadings_R1ShearHorizontalReading3rdthinned" value="2.572719"/>
<parameter name="Stage_StageReadings_R1ShearHorizontalReading3rdthinned" value="2.623348"/>
<parameter name="Stage_StageReadings_R1ShearHorizontalReading3rdthinned" value="2.659512"/>
<parameter name="Stage_StageReadings_R1ShearHorizontalReading3rdthinned" value="2.743727"/>
<parameter name="Stage_StageReadings_R1ShearHorizontalReading3rdthinned" value="2.78758"/>
<parameter name="Stage_StageReadings_R1ShearHorizontalReading3rdthinned" value="2.826993"/>
<parameter name="Stage_StageReadings_R1ShearHorizontalReading3rdthinned" value="2.876137"/>
<parameter name="Stage_StageReadings_R1ShearHorizontalReading3rdthinned" value="2.891793"/>
<parameter name="Stage_StageReadings_R1ShearHorizontalReading3rdthinned" value="2.919662"/>
<parameter name="Stage_StageReadings_R1ShearHorizontalReading3rdthinned" value="2.978027"/>
<parameter name="Stage_StageReadings_R1ShearHorizontalReading3rdthinned" value="3.018729"/>
<parameter name="Stage_StageReadings_R1ShearHorizontalReading3rdthinned" value="3.06763"/>
<parameter name="Stage_StageReadings_R1ShearHorizontalReading3rdthinned" value="3.082288"/>
<parameter name="Stage_StageReadings_R1ShearHorizontalReading3rdthinned" value="3.147769"/>
<parameter name="Stage_StageReadings_R1ShearHorizontalReading3rdthinned" value="3.202667"/>
<parameter name="Stage_StageReadings_R1ShearHorizontalReading3rdthinned" value="3.268793"/>
<parameter name="Stage_StageReadings_R1ShearHorizontalReading3rdthinned" value="3.379708"/>
<parameter name="Stage_StageReadings_R1ShearHorizontalReading3rdthinned" value="3.410436"/>
<parameter name="Stage_StageReadings_R1ShearHorizontalReading3rdthinned" value="3.496086"/>
<parameter name="Stage_StageReadings_R1ShearHorizontalReading3rdthinned" value="3.506839"/>
<parameter name="Stage_StageReadings_R1ShearHorizontalReading3rdthinned" value="3.521509"/>
<parameter name="Stage_StageReadings_R1ShearHorizontalReading3rdthinned" value="3.584302"/>
<parameter name="Stage_StageReadings_R1ShearHorizontalReading3rdthinned" value="3.748364"/>
<parameter name="Stage_StageReadings_R1ShearHorizontalReading3rdthinned" value="3.763497"/>
<parameter name="Stage_StageReadings_R1ShearHorizontalReading3rdthinned" value="3.936074"/>
<parameter name="Stage_StageReadings_R1ShearHorizontalReading3rdthinned" value="3.960305"/>
<parameter name="Stage_StageReadings_R1ShearHorizontalReading3rdthinned" value="3.977628"/>
<parameter name="Stage_StageReadings_R1ShearHorizontalReading3rdthinned" value="3.99658"/>
<parameter name="Stage_StageReadings_R1ShearHorizontalReading3rdthinned" value="4.019522"/>
<parameter name="Stage_StageReadings_R1ShearHorizontalReading3rdthinned" value="4.0271"/>
<parameter name="Stage_StageReadings_R1ShearHorizontalReading3rdthinned" value="4.117397"/>
<parameter name="Stage_StageReadings_R1ShearHorizontalReading3rdthinned" value="4.203959"/>
<parameter name="Stage_StageReadings_R1ShearHorizontalReading3rdthinned" value="4.235294"/>
<parameter name="Stage_StageReadings_R1ShearHorizontalReading3rdthinned" value="4.309899"/>
<parameter name="Stage_StageReadings_R1ShearHorizontalReading3rdthinned" value="4.360102"/>
<parameter name="Stage_StageReadings_R1ShearHorizontalReading3rdthinned" value="4.396985"/>
<parameter name="Stage_StageReadings_R1ShearHorizontalReading3rdthinned" value="4.473231"/>
<parameter name="Stage_StageReadings_R1ShearHorizontalReading3rdthinned" value="4.557896"/>
<parameter name="Stage_StageReadings_R1ShearHorizontalReading3rdthinned" value="4.617805"/>
<parameter name="Stage_StageReadings_R1ShearHorizontalReading3rdthinned" value="4.658629"/>
<parameter name="Stage_StageReadings_R1ShearHorizontalReading3rdthinned" value="4.711679"/>
<parameter name="Stage_StageReadings_R1ShearHorizontalReading3rdthinned" value="4.768341"/>
<parameter name="Stage_StageReadings_R1ShearHorizontalReading3rdthinned" value="4.799312"/>
<parameter name="Stage_StageReadings_R1ShearHorizontalReading3rdthinned" value="4.832301"/>
<parameter name="Stage_StageReadings_R1ShearHorizontalReading3rdthinned" value="4.91328"/>
<parameter name="Stage_StageReadings_R1ShearHorizontalReading3rdthinned" value="4.93649"/>
<parameter name="Stage_StageReadings_R1ShearHorizontalReading3rdthinned" value="5.017814"/>
<parameter name="Stage_StageReadings_R1ShearHorizontalReading3rdthinned" value="5.043772"/>
<parameter name="Stage_StageReadings_R1ShearHorizontalReading3rdthinned" value="5.059583"/>
<parameter name="Stage_StageReadings_R1ShearHorizontalReading3rdthinned" value="5.083233"/>
<parameter name="Stage_StageReadings_R1ShearHorizontalReading3rdthinned" value="5.155954"/>
<parameter name="Stage_StageReadings_R1ShearHorizontalReading3rdthinned" value="5.180813"/>
<parameter name="Stage_StageReadings_R1ShearHorizontalReading3rdthinned" value="5.222228"/>
<parameter name="Stage_StageReadings_R1ShearHorizontalReading3rdthinned" value="5.243326"/>
<parameter name="Stage_StageReadings_R1ShearHorizontalReading3rdthinned" value="5.317829"/>
<parameter name="Stage_StageReadings_R1ShearHorizontalReading3rdthinned" value="5.401123"/>
<parameter name="Stage_StageReadings_R1ShearHorizontalReading3rdthinned" value="5.462928"/>
<parameter name="Stage_StageReadings_R1ShearHorizontalReading3rdthinned" value="5.497628"/>
<parameter name="Stage_StageReadings_R1ShearHorizontalReading3rdthinned" value="5.55433"/>
<parameter name="Stage_StageReadings_R1ShearHorizontalReading3rdthinned" value="5.562022"/>
<parameter name="Stage_StageReadings_R1ShearHorizontalReading3rdthinned" value="5.588919"/>
<parameter name="Stage_StageReadings_R1ShearHorizontalReading3rdthinned" value="5.632471"/>
<parameter name="Stage_StageReadings_R1ShearHorizontalReading3rdthinned" value="5.641152"/>
<parameter name="Stage_StageReadings_R1ShearHorizontalReading3rdthinned" value="5.67667"/>
<parameter name="Stage_StageReadings_R1ShearHorizontalReading3rdthinned" value="5.739464"/>
<parameter name="Stage_StageReadings_R1ShearHorizontalReading3rdthinned" value="5.78265"/>
<parameter name="Stage_StageReadings_R1ShearHorizontalReading3rdthinned" value="5.827996"/>
<parameter name="Stage_StageReadings_R1ShearHorizontalReading3rdthinned" value="5.875467"/>
<parameter name="Stage_StageReadings_R1ShearHorizontalReading3rdthinned" value="5.949653"/>
<parameter name="Stage_StageReadings_R1ShearHorizontalReading3rdthinned" value="5.970324"/>
<parameter name="Stage_StageReadings_R1ShearHorizontalReading3rdthinned" value="6.028027"/>
<parameter name="Stage_StageReadings_R1ShearHorizontalReading3rdthinned" value="6.130208"/>
<parameter name="Stage_StageReadings_R1ShearHorizontalReading3rdthinned" value="6.186068"/>
<parameter name="Stage_StageReadings_R1ShearHorizontalReading3rdthinned" value="6.270851"/>
<parameter name="Stage_StageReadings_R1ShearHorizontalReading3rdthinned" value="6.37075"/>
<parameter name="Stage_StageReadings_R1ShearHorizontalReading3rdthinned" value="6.462738"/>
<parameter name="Stage_StageReadings_R1ShearHorizontalReading3rdthinned" value="6.511344"/>
<parameter name="Stage_StageReadings_R1ShearHorizontalReading3rdthinned" value="6.528633"/>
<parameter name="Stage_StageReadings_R1ShearHorizontalReading3rdthinned" value="6.56641"/>
<parameter name="Stage_StageReadings_R1ShearHorizontalReading3rdthinned" value="6.673927"/>
<parameter name="Stage_StageReadings_R1ShearHorizontalReading3rdthinned" value="6.71135"/>
<parameter name="Stage_StageReadings_R1ShearHorizontalReading3rdthinned" value="6.797758"/>
<parameter name="Stage_StageReadings_R1ShearHorizontalReading3rdthinned" value="6.881772"/>
<parameter name="Stage_StageReadings_R1ShearHorizontalReading3rdthinned" value="6.982635"/>
<parameter name="Stage_StageReadings_R1ShearHorizontalReading3rdthinned" value="7.010327"/>
<parameter name="Stage_StageReadings_R1ShearHorizontalReading3rdthinned" value="7.030937"/>
<parameter name="Stage_StageReadings_R1ShearHorizontalReading3rdthinned" value="7.146416"/>
<parameter name="Stage_StageReadings_R1ShearHorizontalReading3rdthinned" value="7.16589"/>
<parameter name="Stage_StageReadings_R1ShearHorizontalReading3rdthinned" value="7.192727"/>
<parameter name="Stage_StageReadings_R1ShearHorizontalReading3rdthinned" value="7.226768"/>
<parameter name="Stage_StageReadings_R1ShearHorizontalReading3rdthinned" value="7.273249"/>
<parameter name="Stage_StageReadings_R1ShearHorizontalReading3rdthinned" value="7.341452"/>
<parameter name="Stage_StageReadings_R1ShearHorizontalReading3rdthinned" value="7.463268"/>
<parameter name="Stage_StageReadings_R1ShearHorizontalReading3rdthinned" value="7.545133"/>
<parameter name="Stage_StageReadings_R1ShearHorizontalReading3rdthinned" value="7.582971"/>
<parameter name="Stage_StageReadings_R1ShearHorizontalReading3rdthinned" value="7.640735"/>
<parameter name="Stage_StageReadings_R1ShearHorizontalReading3rdthinned" value="7.772"/>
<parameter name="Stage_StageReadings_R1ShearHorizontalReading3rdthinned" value="7.86914"/>
<parameter name="Stage_StageReadings_R1ShearHorizontalReading3rdthinned" value="7.921311"/>
<parameter name="Stage_StageReadings_R1ShearHorizontalReading3rdthinned" value="7.95363"/>
<parameter name="Stage_StageReadings_R1ShearHorizontalReading3rdthinned" value="7.973373"/>
<parameter name="Stage_StageReadings_R1ShearHorizontalReading3rdthinned" value="7.991798"/>
<parameter name="Stage_StageReadings_R1ShearHorizontalReading3rdthinned" value="8.046619"/>
<parameter name="Stage_StageReadings_R1ShearHorizontalReading3rdthinned" value="8.095787"/>
<parameter name="Stage_StageReadings_R1ShearHorizontalReading3rdthinned" value="8.164796"/>
<parameter name="Stage_StageReadings_R1ShearHorizontalReading3rdthinned" value="8.278419"/>
<parameter name="Stage_StageReadings_R1ShearHorizontalReading3rdthinned" value="8.371493"/>
<parameter name="Stage_StageReadings_R1ShearHorizontalReading3rdthinned" value="8.420747"/>
<parameter name="Stage_StageReadings_R1ShearHorizontalReading3rdthinned" value="8.44596"/>
<parameter name="Stage_StageReadings_R1ShearHorizontalReading3rdthinned" value="8.49768"/>
<parameter name="Stage_StageReadings_R1ShearHorizontalReading3rdthinned" value="8.551279"/>
<parameter name="Stage_StageReadings_R1ShearHorizontalReading3rdthinned" value="8.569838"/>
<parameter name="Stage_StageReadings_R1ShearHorizontalReading3rdthinned" value="8.59819"/>
<parameter name="Stage_StageReadings_R1ShearHorizontalReading3rdthinned" value="8.669957"/>
<parameter name="Stage_StageReadings_R1ShearHorizontalReading3rdthinned" value="8.708149"/>
<parameter name="Stage_StageReadings_R1ShearLoadReading3rdthinned" value="-2.056571"/>
<parameter name="Stage_StageReadings_R1ShearLoadReading3rdthinned" value="13.17071"/>
<parameter name="Stage_StageReadings_R1ShearLoadReading3rdthinned" value="28.48571"/>
<parameter name="Stage_StageReadings_R1ShearLoadReading3rdthinned" value="28.10272"/>
<parameter name="Stage_StageReadings_R1ShearLoadReading3rdthinned" value="29.43138"/>
<parameter name="Stage_StageReadings_R1ShearLoadReading3rdthinned" value="27.8663"/>
<parameter name="Stage_StageReadings_R1ShearLoadReading3rdthinned" value="31.20686"/>
<parameter name="Stage_StageReadings_R1ShearLoadReading3rdthinned" value="30.72693"/>
<parameter name="Stage_StageReadings_R1ShearLoadReading3rdthinned" value="31.36762"/>
<parameter name="Stage_StageReadings_R1ShearLoadReading3rdthinned" value="30.75767"/>
<parameter name="Stage_StageReadings_R1ShearLoadReading3rdthinned" value="33.66321"/>
<parameter name="Stage_StageReadings_R1ShearLoadReading3rdthinned" value="35.47416"/>
<parameter name="Stage_StageReadings_R1ShearLoadReading3rdthinned" value="35.31103"/>
<parameter name="Stage_StageReadings_R1ShearLoadReading3rdthinned" value="36.2496"/>
<parameter name="Stage_StageReadings_R1ShearLoadReading3rdthinned" value="35.64911"/>
<parameter name="Stage_StageReadings_R1ShearLoadReading3rdthinned" value="36.44583"/>
<parameter name="Stage_StageReadings_R1ShearLoadReading3rdthinned" value="35.9659"/>
<parameter name="Stage_StageReadings_R1ShearLoadReading3rdthinned" value="37.83595"/>
<parameter name="Stage_StageReadings_R1ShearLoadReading3rdthinned" value="36.78154"/>
<parameter name="Stage_StageReadings_R1ShearLoadReading3rdthinned" value="39.18352"/>
<parameter name="Stage_StageReadings_R1ShearLoadReading3rdthinned" value="38.58538"/>
<parameter name="Stage_StageReadings_R1ShearLoadReading3rdthinned" value="39.8313"/>
<parameter name="Stage_StageReadings_R1ShearLoadReading3rdthinned" value="39.14806"/>
<parameter name="Stage_StageReadings_R1ShearLoadReading3rdthinned" value="40.15282"/>
<parameter name="Stage_StageReadings_R1ShearLoadReading3rdthinned" value="39.21189"/>
<parameter name="Stage_StageReadings_R1ShearLoadReading3rdthinned" value="40.27812"/>
<parameter name="Stage_StageReadings_R1ShearLoadReading3rdthinned" value="39.58306"/>
<parameter name="Stage_StageReadings_R1ShearLoadReading3rdthinned" value="40.38924"/>
<parameter name="Stage_StageReadings_R1ShearLoadReading3rdthinned" value="39.98024"/>
<parameter name="Stage_StageReadings_R1ShearLoadReading3rdthinned" value="40.22374"/>
<parameter name="Stage_StageReadings_R1ShearLoadReading3rdthinned" value="39.69654"/>
<parameter name="Stage_StageReadings_R1ShearLoadReading3rdthinned" value="41.27816"/>
<parameter name="Stage_StageReadings_R1ShearLoadReading3rdthinned" value="40.36087"/>
<parameter name="Stage_StageReadings_R1ShearLoadReading3rdthinned" value="41.50985"/>
<parameter name="Stage_StageReadings_R1ShearLoadReading3rdthinned" value="41.1174"/>
<parameter name="Stage_StageReadings_R1ShearLoadReading3rdthinned" value="41.41055"/>
<parameter name="Stage_StageReadings_R1ShearLoadReading3rdthinned" value="41.07248"/>
<parameter name="Stage_StageReadings_R1ShearLoadReading3rdthinned" value="41.54058"/>
<parameter name="Stage_StageReadings_R1ShearLoadReading3rdthinned" value="41.32307"/>
<parameter name="Stage_StageReadings_R1ShearLoadReading3rdthinned" value="41.5524"/>
<parameter name="Stage_StageReadings_R1ShearLoadReading3rdthinned" value="40.985"/>
<parameter name="Stage_StageReadings_R1ShearLoadReading3rdthinned" value="41.57368"/>
<parameter name="Stage_StageReadings_R1ShearLoadReading3rdthinned" value="41.27343"/>
<parameter name="Stage_StageReadings_R1ShearLoadReading3rdthinned" value="42.11507"/>
<parameter name="Stage_StageReadings_R1ShearLoadReading3rdthinned" value="41.70844"/>
<parameter name="Stage_StageReadings_R1ShearLoadReading3rdthinned" value="42.24747"/>
<parameter name="Stage_StageReadings_R1ShearLoadReading3rdthinned" value="41.68007"/>
<parameter name="Stage_StageReadings_R1ShearLoadReading3rdthinned" value="42.1529"/>
<parameter name="Stage_StageReadings_R1ShearLoadReading3rdthinned" value="41.55476"/>
<parameter name="Stage_StageReadings_R1ShearLoadReading3rdthinned" value="41.83137"/>
<parameter name="Stage_StageReadings_R1ShearLoadReading3rdthinned" value="40.94245"/>
<parameter name="Stage_StageReadings_R1ShearLoadReading3rdthinned" value="41.90939"/>
<parameter name="Stage_StageReadings_R1ShearLoadReading3rdthinned" value="41.40346"/>
<parameter name="Stage_StageReadings_R1ShearLoadReading3rdthinned" value="41.95903"/>
<parameter name="Stage_StageReadings_R1ShearLoadReading3rdthinned" value="41.44365"/>
<parameter name="Stage_StageReadings_R1ShearLoadReading3rdthinned" value="41.24979"/>
<parameter name="Stage_StageReadings_R1ShearLoadReading3rdthinned" value="41.59732"/>
<parameter name="Stage_StageReadings_R1ShearLoadReading3rdthinned" value="40.88571"/>
<parameter name="Stage_StageReadings_R1ShearLoadReading3rdthinned" value="41.10085"/>
<parameter name="Stage_StageReadings_R1ShearLoadReading3rdthinned" value="40.7415"/>
<parameter name="Stage_StageReadings_R1ShearLoadReading3rdthinned" value="41.01574"/>
<parameter name="Stage_StageReadings_R1ShearLoadReading3rdthinned" value="40.34668"/>
<parameter name="Stage_StageReadings_R1ShearLoadReading3rdthinned" value="41.00864"/>
<parameter name="Stage_StageReadings_R1ShearLoadReading3rdthinned" value="40.5169"/>
<parameter name="Stage_StageReadings_R1ShearLoadReading3rdthinned" value="41.43183"/>
<parameter name="Stage_StageReadings_R1ShearLoadReading3rdthinned" value="40.76751"/>
<parameter name="Stage_StageReadings_R1ShearLoadReading3rdthinned" value="41.15995"/>
<parameter name="Stage_StageReadings_R1ShearLoadReading3rdthinned" value="40.98027"/>
<parameter name="Stage_StageReadings_R1ShearLoadReading3rdthinned" value="41.6186"/>
<parameter name="Stage_StageReadings_R1ShearLoadReading3rdthinned" value="41.1174"/>
<parameter name="Stage_StageReadings_R1ShearLoadReading3rdthinned" value="41.63515"/>
<parameter name="Stage_StageReadings_R1ShearLoadReading3rdthinned" value="41.27816"/>
<parameter name="Stage_StageReadings_R1ShearLoadReading3rdthinned" value="41.71553"/>
<parameter name="Stage_StageReadings_R1ShearLoadReading3rdthinned" value="41.42474"/>
<parameter name="Stage_StageReadings_R1ShearLoadReading3rdthinned" value="41.7108"/>
<parameter name="Stage_StageReadings_R1ShearLoadReading3rdthinned" value="41.43892"/>
<parameter name="Stage_StageReadings_R1ShearLoadReading3rdthinned" value="42.28765"/>
<parameter name="Stage_StageReadings_R1ShearLoadReading3rdthinned" value="41.78172"/>
<parameter name="Stage_StageReadings_R1ShearLoadReading3rdthinned" value="42.79831"/>
<parameter name="Stage_StageReadings_R1ShearLoadReading3rdthinned" value="41.87156"/>
<parameter name="Stage_StageReadings_R1ShearLoadReading3rdthinned" value="42.54062"/>
<parameter name="Stage_StageReadings_R1ShearLoadReading3rdthinned" value="42.36094"/>
<parameter name="Stage_StageReadings_R1ShearLoadReading3rdthinned" value="42.60209"/>
<parameter name="Stage_StageReadings_R1ShearLoadReading3rdthinned" value="42.34439"/>
<parameter name="Stage_StageReadings_R1ShearLoadReading3rdthinned" value="42.93543"/>
<parameter name="Stage_StageReadings_R1ShearLoadReading3rdthinned" value="41.83846"/>
<parameter name="Stage_StageReadings_R1ShearLoadReading3rdthinned" value="43.19786"/>
<parameter name="Stage_StageReadings_R1ShearLoadReading3rdthinned" value="42.8054"/>
<parameter name="Stage_StageReadings_R1ShearLoadReading3rdthinned" value="43.45319"/>
<parameter name="Stage_StageReadings_R1ShearLoadReading3rdthinned" value="42.98272"/>
<parameter name="Stage_StageReadings_R1ShearLoadReading3rdthinned" value="43.5903"/>
<parameter name="Stage_StageReadings_R1ShearLoadReading3rdthinned" value="43.0891"/>
<parameter name="Stage_StageReadings_R1ShearLoadReading3rdthinned" value="43.74634"/>
<parameter name="Stage_StageReadings_R1ShearLoadReading3rdthinned" value="43.27114"/>
<parameter name="Stage_StageReadings_R1ShearLoadReading3rdthinned" value="43.72506"/>
<parameter name="Stage_StageReadings_R1ShearLoadReading3rdthinned" value="43.43427"/>
<parameter name="Stage_StageReadings_R1ShearLoadReading3rdthinned" value="43.88582"/>
<parameter name="Stage_StageReadings_R1ShearLoadReading3rdthinned" value="43.16948"/>
<parameter name="Stage_StageReadings_R1ShearLoadReading3rdthinned" value="44.43667"/>
<parameter name="Stage_StageReadings_R1ShearLoadReading3rdthinned" value="43.77707"/>
<parameter name="Stage_StageReadings_R1ShearLoadReading3rdthinned" value="44.16479"/>
<parameter name="Stage_StageReadings_R1ShearLoadReading3rdthinned" value="43.71324"/>
<parameter name="Stage_StageReadings_R1ShearLoadReading3rdthinned" value="44.24044"/>
<parameter name="Stage_StageReadings_R1ShearLoadReading3rdthinned" value="43.98985"/>
<parameter name="Stage_StageReadings_R1ShearLoadReading3rdthinned" value="44.18134"/>
<parameter name="Stage_StageReadings_R1ShearLoadReading3rdthinned" value="43.94729"/>
<parameter name="Stage_StageReadings_R1ShearLoadReading3rdthinned" value="44.44613"/>
<parameter name="Stage_StageReadings_R1ShearLoadReading3rdthinned" value="43.86927"/>
<parameter name="Stage_StageReadings_R1ShearLoadReading3rdthinned" value="44.54306"/>
<parameter name="Stage_StageReadings_R1ShearLoadReading3rdthinned" value="43.79599"/>
<parameter name="Stage_StageReadings_R1ShearLoadReading3rdthinned" value="44.81258"/>
<parameter name="Stage_StageReadings_R1ShearLoadReading3rdthinned" value="44.5407"/>
<parameter name="Stage_StageReadings_R1ShearLoadReading3rdthinned" value="44.87167"/>
<parameter name="Stage_StageReadings_R1ShearLoadReading3rdthinned" value="44.18607"/>
<parameter name="Stage_StageReadings_R1ShearLoadReading3rdthinned" value="45.15538"/>
<parameter name="Stage_StageReadings_R1ShearLoadReading3rdthinned" value="44.51705"/>
<parameter name="Stage_StageReadings_R1ShearLoadReading3rdthinned" value="45.07499"/>
<parameter name="Stage_StageReadings_R1ShearLoadReading3rdthinned" value="44.58325"/>
<parameter name="Stage_StageReadings_R1ShearLoadReading3rdthinned" value="44.91423"/>
<parameter name="Stage_StageReadings_R1ShearLoadReading3rdthinned" value="44.44376"/>
<parameter name="Stage_StageReadings_R1ShearLoadReading3rdthinned" value="45.12464"/>
<parameter name="Stage_StageReadings_R1ShearLoadReading3rdthinned" value="44.54542"/>
<parameter name="Stage_StageReadings_R1ShearLoadReading3rdthinned" value="45.21684"/>
<parameter name="Stage_StageReadings_R1ShearLoadReading3rdthinned" value="44.61162"/>
<parameter name="Stage_StageReadings_R1ShearLoadReading3rdthinned" value="45.37051"/>
<parameter name="Stage_StageReadings_R1ShearLoadReading3rdthinned" value="44.53596"/>
<parameter name="Stage_StageReadings_R1ShearLoadReading3rdthinned" value="45.17192"/>
<parameter name="Stage_StageReadings_R1ShearLoadReading3rdthinned" value="44.44613"/>
<parameter name="Stage_StageReadings_R1ShearLoadReading3rdthinned" value="45.23812"/>
<parameter name="Stage_StageReadings_R1ShearLoadReading3rdthinned" value="44.5667"/>
<parameter name="Stage_StageReadings_R1ShearLoadReading3rdthinned" value="45.15301"/>
<parameter name="Stage_StageReadings_R1ShearLoadReading3rdthinned" value="44.6589"/>
<parameter name="Stage_StageReadings_R1ShearLoadReading3rdthinned" value="45.43671"/>
<parameter name="Stage_StageReadings_R1ShearLoadReading3rdthinned" value="44.90714"/>
<parameter name="Stage_StageReadings_R1ShearLoadReading3rdthinned" value="45.37997"/>
<parameter name="Stage_StageReadings_R1ShearLoadReading3rdthinned" value="44.76292"/>
<parameter name="Stage_StageReadings_R1ShearLoadReading3rdthinned" value="45.919"/>
<parameter name="Stage_StageReadings_R1ShearLoadReading3rdthinned" value="45.11046"/>
<parameter name="Stage_StageReadings_R1ShearLoadReading3rdthinned" value="46.01593"/>
<parameter name="Stage_StageReadings_R1ShearLoadReading3rdthinned" value="45.50527"/>
<parameter name="Stage_StageReadings_R1ShearLoadReading3rdthinned" value="46.33745"/>
<parameter name="Stage_StageReadings_R1ShearLoadReading3rdthinned" value="45.919"/>
<parameter name="Stage_StageReadings_R1ShearLoadReading3rdthinned" value="46.76773"/>
<parameter name="Stage_StageReadings_R1ShearLoadReading3rdthinned" value="45.85516"/>
<parameter name="Stage_StageReadings_R1ShearLoadReading3rdthinned" value="47.00415"/>
<parameter name="Stage_StageReadings_R1ShearLoadReading3rdthinned" value="46.54077"/>
<parameter name="Stage_StageReadings_R1ShearLoadReading3rdthinned" value="47.42496"/>
<parameter name="Stage_StageReadings_R1ShearLoadReading3rdthinned" value="46.52895"/>
<parameter name="Stage_StageReadings_R1ShearLoadReading3rdthinned" value="47.59046"/>
<parameter name="Stage_StageReadings_R1ShearLoadReading3rdthinned" value="46.91431"/>
<parameter name="Stage_StageReadings_R1ShearLoadReading3rdthinned" value="47.94744"/>
<parameter name="Stage_StageReadings_R1ShearLoadReading3rdthinned" value="47.15309"/>
<parameter name="Stage_StageReadings_R1ShearLoadReading3rdthinned" value="48.47465"/>
<parameter name="Stage_StageReadings_R1ShearLoadReading3rdthinned" value="46.53604"/>
<parameter name="Stage_StageReadings_R1ShearLoadReading3rdthinned" value="48.13657"/>
<parameter name="Stage_StageReadings_R1ShearLoadReading3rdthinned" value="47.80323"/>
<parameter name="Stage_StageReadings_R1ShearLoadReading3rdthinned" value="48.33516"/>
<parameter name="Stage_StageReadings_R1ShearLoadReading3rdthinned" value="47.54317"/>
<parameter name="Stage_StageReadings_R1ShearLoadReading3rdthinned" value="48.38954"/>
<parameter name="Stage_StageReadings_R1ShearLoadReading3rdthinned" value="47.40369"/>
<parameter name="Stage_StageReadings_R1ShearLoadReading3rdthinned" value="48.46992"/>
<parameter name="Stage_StageReadings_R1ShearLoadReading3rdthinned" value="47.86706"/>
<parameter name="Stage_StageReadings_R1ShearLoadReading3rdthinned" value="48.32571"/>
<parameter name="Stage_StageReadings_R1ShearLoadReading3rdthinned" value="48.00182"/>
<parameter name="Stage_StageReadings_R1ShearLoadReading3rdthinned" value="48.55267"/>
<parameter name="Stage_StageReadings_R1ShearLoadReading3rdthinned" value="48.42027"/>
<parameter name="Stage_StageReadings_R1ShearLoadReading3rdthinned" value="48.66614"/>
<parameter name="Stage_StageReadings_R1ShearLoadReading3rdthinned" value="47.29021"/>
<parameter name="Stage_StageReadings_R1ShearLoadReading3rdthinned" value="48.87183"/>
<parameter name="Stage_StageReadings_R1ShearVerticalReading3rdthinned" value="70.25947"/>
<parameter name="Stage_StageReadings_R1ShearVerticalReading3rdthinned" value="70.65862"/>
<parameter name="Stage_StageReadings_R1ShearVerticalReading3rdthinned" value="70.69717"/>
<parameter name="Stage_StageReadings_R1ShearVerticalReading3rdthinned" value="70.64954"/>
<parameter name="Stage_StageReadings_R1ShearVerticalReading3rdthinned" value="70.64501"/>
<parameter name="Stage_StageReadings_R1ShearVerticalReading3rdthinned" value="70.62687"/>
<parameter name="Stage_StageReadings_R1ShearVerticalReading3rdthinned" value="70.69038"/>
<parameter name="Stage_StageReadings_R1ShearVerticalReading3rdthinned" value="70.6881"/>
<parameter name="Stage_StageReadings_R1ShearVerticalReading3rdthinned" value="70.6881"/>
<parameter name="Stage_StageReadings_R1ShearVerticalReading3rdthinned" value="70.74706"/>
<parameter name="Stage_StageReadings_R1ShearVerticalReading3rdthinned" value="70.63821"/>
<parameter name="Stage_StageReadings_R1ShearVerticalReading3rdthinned" value="70.68584"/>
<parameter name="Stage_StageReadings_R1ShearVerticalReading3rdthinned" value="70.70398"/>
<parameter name="Stage_StageReadings_R1ShearVerticalReading3rdthinned" value="70.66088"/>
<parameter name="Stage_StageReadings_R1ShearVerticalReading3rdthinned" value="70.66995"/>
<parameter name="Stage_StageReadings_R1ShearVerticalReading3rdthinned" value="70.65635"/>
<parameter name="Stage_StageReadings_R1ShearVerticalReading3rdthinned" value="70.61099"/>
<parameter name="Stage_StageReadings_R1ShearVerticalReading3rdthinned" value="70.64501"/>
<parameter name="Stage_StageReadings_R1ShearVerticalReading3rdthinned" value="70.67902"/>
<parameter name="Stage_StageReadings_R1ShearVerticalReading3rdthinned" value="70.87407"/>
<parameter name="Stage_StageReadings_R1ShearVerticalReading3rdthinned" value="70.66542"/>
<parameter name="Stage_StageReadings_R1ShearVerticalReading3rdthinned" value="70.8083"/>
<parameter name="Stage_StageReadings_R1ShearVerticalReading3rdthinned" value="70.65862"/>
<parameter name="Stage_StageReadings_R1ShearVerticalReading3rdthinned" value="70.76521"/>
<parameter name="Stage_StageReadings_R1ShearVerticalReading3rdthinned" value="70.65181"/>
<parameter name="Stage_StageReadings_R1ShearVerticalReading3rdthinned" value="70.81057"/>
<parameter name="Stage_StageReadings_R1ShearVerticalReading3rdthinned" value="70.75841"/>
<parameter name="Stage_StageReadings_R1ShearVerticalReading3rdthinned" value="70.53162"/>
<parameter name="Stage_StageReadings_R1ShearVerticalReading3rdthinned" value="70.68584"/>
<parameter name="Stage_StageReadings_R1ShearVerticalReading3rdthinned" value="70.82191"/>
<parameter name="Stage_StageReadings_R1ShearVerticalReading3rdthinned" value="70.66315"/>
<parameter name="Stage_StageReadings_R1ShearVerticalReading3rdthinned" value="70.90809"/>
<parameter name="Stage_StageReadings_R1ShearVerticalReading3rdthinned" value="70.66088"/>
<parameter name="Stage_StageReadings_R1ShearVerticalReading3rdthinned" value="70.76748"/>
<parameter name="Stage_StageReadings_R1ShearVerticalReading3rdthinned" value="70.6813"/>
<parameter name="Stage_StageReadings_R1ShearVerticalReading3rdthinned" value="70.74479"/>
<parameter name="Stage_StageReadings_R1ShearVerticalReading3rdthinned" value="70.80602"/>
<parameter name="Stage_StageReadings_R1ShearVerticalReading3rdthinned" value="70.78561"/>
<parameter name="Stage_StageReadings_R1ShearVerticalReading3rdthinned" value="70.9217"/>
<parameter name="Stage_StageReadings_R1ShearVerticalReading3rdthinned" value="70.8083"/>
<parameter name="Stage_StageReadings_R1ShearVerticalReading3rdthinned" value="70.738"/>
<parameter name="Stage_StageReadings_R1ShearVerticalReading3rdthinned" value="70.81057"/>
<parameter name="Stage_StageReadings_R1ShearVerticalReading3rdthinned" value="70.73346"/>
<parameter name="Stage_StageReadings_R1ShearVerticalReading3rdthinned" value="70.84459"/>
<parameter name="Stage_StageReadings_R1ShearVerticalReading3rdthinned" value="70.71305"/>
<parameter name="Stage_StageReadings_R1ShearVerticalReading3rdthinned" value="70.6881"/>
<parameter name="Stage_StageReadings_R1ShearVerticalReading3rdthinned" value="70.68357"/>
<parameter name="Stage_StageReadings_R1ShearVerticalReading3rdthinned" value="70.71305"/>
<parameter name="Stage_StageReadings_R1ShearVerticalReading3rdthinned" value="70.71986"/>
<parameter name="Stage_StageReadings_R1ShearVerticalReading3rdthinned" value="70.65635"/>
<parameter name="Stage_StageReadings_R1ShearVerticalReading3rdthinned" value="70.8015"/>
<parameter name="Stage_StageReadings_R1ShearVerticalReading3rdthinned" value="70.65635"/>
<parameter name="Stage_StageReadings_R1ShearVerticalReading3rdthinned" value="70.69944"/>
<parameter name="Stage_StageReadings_R1ShearVerticalReading3rdthinned" value="70.65408"/>
<parameter name="Stage_StageReadings_R1ShearVerticalReading3rdthinned" value="70.70171"/>
<parameter name="Stage_StageReadings_R1ShearVerticalReading3rdthinned" value="70.75614"/>
<parameter name="Stage_StageReadings_R1ShearVerticalReading3rdthinned" value="70.78561"/>
<parameter name="Stage_StageReadings_R1ShearVerticalReading3rdthinned" value="70.5883"/>
<parameter name="Stage_StageReadings_R1ShearVerticalReading3rdthinned" value="70.66088"/>
<parameter name="Stage_StageReadings_R1ShearVerticalReading3rdthinned" value="70.69038"/>
<parameter name="Stage_StageReadings_R1ShearVerticalReading3rdthinned" value="70.73119"/>
<parameter name="Stage_StageReadings_R1ShearVerticalReading3rdthinned" value="70.67902"/>
<parameter name="Stage_StageReadings_R1ShearVerticalReading3rdthinned" value="70.72212"/>
<parameter name="Stage_StageReadings_R1ShearVerticalReading3rdthinned" value="70.63594"/>
<parameter name="Stage_StageReadings_R1ShearVerticalReading3rdthinned" value="70.84005"/>
<parameter name="Stage_StageReadings_R1ShearVerticalReading3rdthinned" value="70.66542"/>
<parameter name="Stage_StageReadings_R1ShearVerticalReading3rdthinned" value="70.66542"/>
<parameter name="Stage_StageReadings_R1ShearVerticalReading3rdthinned" value="70.6246"/>
<parameter name="Stage_StageReadings_R1ShearVerticalReading3rdthinned" value="70.71758"/>
<parameter name="Stage_StageReadings_R1ShearVerticalReading3rdthinned" value="70.74934"/>
<parameter name="Stage_StageReadings_R1ShearVerticalReading3rdthinned" value="70.65635"/>
<parameter name="Stage_StageReadings_R1ShearVerticalReading3rdthinned" value="70.70625"/>
<parameter name="Stage_StageReadings_R1ShearVerticalReading3rdthinned" value="70.5815"/>
<parameter name="Stage_StageReadings_R1ShearVerticalReading3rdthinned" value="70.6314"/>
<parameter name="Stage_StageReadings_R1ShearVerticalReading3rdthinned" value="70.73572"/>
<parameter name="Stage_StageReadings_R1ShearVerticalReading3rdthinned" value="70.64954"/>
<parameter name="Stage_StageReadings_R1ShearVerticalReading3rdthinned" value="70.91716"/>
<parameter name="Stage_StageReadings_R1ShearVerticalReading3rdthinned" value="70.71532"/>
<parameter name="Stage_StageReadings_R1ShearVerticalReading3rdthinned" value="70.65862"/>
<parameter name="Stage_StageReadings_R1ShearVerticalReading3rdthinned" value="70.56336"/>
<parameter name="Stage_StageReadings_R1ShearVerticalReading3rdthinned" value="70.67449"/>
<parameter name="Stage_StageReadings_R1ShearVerticalReading3rdthinned" value="70.70625"/>
<parameter name="Stage_StageReadings_R1ShearVerticalReading3rdthinned" value="70.58378"/>
<parameter name="Stage_StageReadings_R1ShearVerticalReading3rdthinned" value="70.70398"/>
<parameter name="Stage_StageReadings_R1ShearVerticalReading3rdthinned" value="70.62914"/>
<parameter name="Stage_StageReadings_R1ShearVerticalReading3rdthinned" value="70.76974"/>
<parameter name="Stage_StageReadings_R1ShearVerticalReading3rdthinned" value="70.69944"/>
<parameter name="Stage_StageReadings_R1ShearVerticalReading3rdthinned" value="70.73346"/>
<parameter name="Stage_StageReadings_R1ShearVerticalReading3rdthinned" value="70.89902"/>
<parameter name="Stage_StageReadings_R1ShearVerticalReading3rdthinned" value="70.59965"/>
<parameter name="Stage_StageReadings_R1ShearVerticalReading3rdthinned" value="70.83552"/>
<parameter name="Stage_StageReadings_R1ShearVerticalReading3rdthinned" value="70.75841"/>
<parameter name="Stage_StageReadings_R1ShearVerticalReading3rdthinned" value="70.84005"/>
<parameter name="Stage_StageReadings_R1ShearVerticalReading3rdthinned" value="70.86046"/>
<parameter name="Stage_StageReadings_R1ShearVerticalReading3rdthinned" value="70.66769"/>
<parameter name="Stage_StageReadings_R1ShearVerticalReading3rdthinned" value="70.70171"/>
<parameter name="Stage_StageReadings_R1ShearVerticalReading3rdthinned" value="70.69717"/>
<parameter name="Stage_StageReadings_R1ShearVerticalReading3rdthinned" value="70.75614"/>
<parameter name="Stage_StageReadings_R1ShearVerticalReading3rdthinned" value="70.76067"/>
<parameter name="Stage_StageReadings_R1ShearVerticalReading3rdthinned" value="70.66995"/>
<parameter name="Stage_StageReadings_R1ShearVerticalReading3rdthinned" value="70.75841"/>
<parameter name="Stage_StageReadings_R1ShearVerticalReading3rdthinned" value="70.76521"/>
<parameter name="Stage_StageReadings_R1ShearVerticalReading3rdthinned" value="70.79922"/>
<parameter name="Stage_StageReadings_R1ShearVerticalReading3rdthinned" value="70.82191"/>
<parameter name="Stage_StageReadings_R1ShearVerticalReading3rdthinned" value="70.79922"/>
<parameter name="Stage_StageReadings_R1ShearVerticalReading3rdthinned" value="70.74479"/>
<parameter name="Stage_StageReadings_R1ShearVerticalReading3rdthinned" value="70.88087"/>
<parameter name="Stage_StageReadings_R1ShearVerticalReading3rdthinned" value="70.82645"/>
<parameter name="Stage_StageReadings_R1ShearVerticalReading3rdthinned" value="70.72212"/>
<parameter name="Stage_StageReadings_R1ShearVerticalReading3rdthinned" value="70.6178"/>
<parameter name="Stage_StageReadings_R1ShearVerticalReading3rdthinned" value="70.8015"/>
<parameter name="Stage_StageReadings_R1ShearVerticalReading3rdthinned" value="70.69944"/>
<parameter name="Stage_StageReadings_R1ShearVerticalReading3rdthinned" value="70.79695"/>
<parameter name="Stage_StageReadings_R1ShearVerticalReading3rdthinned" value="70.45904"/>
<parameter name="Stage_StageReadings_R1ShearVerticalReading3rdthinned" value="70.87407"/>
<parameter name="Stage_StageReadings_R1ShearVerticalReading3rdthinned" value="70.85819"/>
<parameter name="Stage_StageReadings_R1ShearVerticalReading3rdthinned" value="70.91263"/>
<parameter name="Stage_StageReadings_R1ShearVerticalReading3rdthinned" value="70.77654"/>
<parameter name="Stage_StageReadings_R1ShearVerticalReading3rdthinned" value="70.75159"/>
<parameter name="Stage_StageReadings_R1ShearVerticalReading3rdthinned" value="70.74706"/>
<parameter name="Stage_StageReadings_R1ShearVerticalReading3rdthinned" value="70.78561"/>
<parameter name="Stage_StageReadings_R1ShearVerticalReading3rdthinned" value="70.90129"/>
<parameter name="Stage_StageReadings_R1ShearVerticalReading3rdthinned" value="70.73346"/>
<parameter name="Stage_StageReadings_R1ShearVerticalReading3rdthinned" value="70.8718"/>
<parameter name="Stage_StageReadings_R1ShearVerticalReading3rdthinned" value="70.85139"/>
<parameter name="Stage_StageReadings_R1ShearVerticalReading3rdthinned" value="70.86272"/>
<parameter name="Stage_StageReadings_R1ShearVerticalReading3rdthinned" value="70.82417"/>
<parameter name="Stage_StageReadings_R1ShearVerticalReading3rdthinned" value="70.56336"/>
<parameter name="Stage_StageReadings_R1ShearVerticalReading3rdthinned" value="70.91489"/>
<parameter name="Stage_StageReadings_R1ShearVerticalReading3rdthinned" value="70.77881"/>
<parameter name="Stage_StageReadings_R1ShearVerticalReading3rdthinned" value="70.77201"/>
<parameter name="Stage_StageReadings_R1ShearVerticalReading3rdthinned" value="70.55883"/>
<parameter name="Stage_StageReadings_R1ShearVerticalReading3rdthinned" value="70.79922"/>
<parameter name="Stage_StageReadings_R1ShearVerticalReading3rdthinned" value="70.77201"/>
<parameter name="Stage_StageReadings_R1ShearVerticalReading3rdthinned" value="70.51801"/>
<parameter name="Stage_StageReadings_R1ShearVerticalReading3rdthinned" value="70.6178"/>
<parameter name="Stage_StageReadings_R1ShearVerticalReading3rdthinned" value="70.70398"/>
<parameter name="Stage_StageReadings_R1ShearVerticalReading3rdthinned" value="70.73572"/>
<parameter name="Stage_StageReadings_R1ShearVerticalReading3rdthinned" value="70.52028"/>
<parameter name="Stage_StageReadings_R1ShearVerticalReading3rdthinned" value="70.57016"/>
<parameter name="Stage_StageReadings_R1ShearVerticalReading3rdthinned" value="70.58604"/>
<parameter name="Stage_StageReadings_R1ShearVerticalReading3rdthinned" value="70.66315"/>
<parameter name="Stage_StageReadings_R1ShearVerticalReading3rdthinned" value="70.81057"/>
<parameter name="Stage_StageReadings_R1ShearVerticalReading3rdthinned" value="70.69491"/>
<parameter name="Stage_StageReadings_R1ShearVerticalReading3rdthinned" value="70.74252"/>
<parameter name="Stage_StageReadings_R1ShearVerticalReading3rdthinned" value="70.75841"/>
<parameter name="Stage_StageReadings_R1ShearVerticalReading3rdthinned" value="70.60872"/>
<parameter name="Stage_StageReadings_R1ShearVerticalReading3rdthinned" value="70.66995"/>
<parameter name="Stage_StageReadings_R1ShearVerticalReading3rdthinned" value="70.78561"/>
<parameter name="Stage_StageReadings_R1ShearVerticalReading3rdthinned" value="70.79243"/>
<parameter name="Stage_StageReadings_R1ShearVerticalReading3rdthinned" value="70.85819"/>
<parameter name="Stage_StageReadings_R1ShearVerticalReading3rdthinned" value="70.68584"/>
<parameter name="Stage_StageReadings_R1ShearVerticalReading3rdthinned" value="70.79695"/>
<parameter name="Stage_StageReadings_R1ShearVerticalReading3rdthinned" value="70.68584"/>
<parameter name="Stage_StageReadings_R1ShearVerticalReading3rdthinned" value="70.76294"/>
<parameter name="Stage_StageReadings_R1ShearVerticalReading3rdthinned" value="70.75614"/>
<parameter name="Stage_StageReadings_R1ShearVerticalReading3rdthinned" value="70.83324"/>
<parameter name="Stage_StageReadings_R1ShearVerticalReading3rdthinned" value="70.83778"/>
<parameter name="Stage_StageReadings_R1ShearVerticalReading3rdthinned" value="70.83552"/>
<parameter name="Stage_StageReadings_R1ShearVerticalReading3rdthinned" value="70.69491"/>
<parameter name="Stage_StageReadings_R1ShearVerticalReading3rdthinned" value="70.66315"/>
<parameter name="Stage_StageReadings_R1ShearVerticalReading3rdthinned" value="70.82645"/>
<parameter name="Stage_StageReadings_R1ShearVerticalReading3rdthinned" value="70.71305"/>
<parameter name="Stage_StageReadings_R1ShearVerticalReading3rdthinned" value="70.72893"/>
<parameter name="Stage_StageReadings_R1ShearVerticalReading3rdthinned" value="70.86953"/>
<parameter name="Stage_StageReadings_R1ShearVerticalReading3rdthinned" value="70.84005"/>
<parameter name="Stage_StageReadings_R1ShearVerticalReading3rdthinned" value="70.63594"/>
<parameter name="Stage_StageReadings_R1ShearVerticalReading3rdthinned" value="70.59965"/>
<parameter name="Stage_StageReadings_R1ShearVerticalReading3rdthinned" value="70.65635"/>
		
							
</Example>
